group,label,precision,operation,domain,domain_role,samples,primary_competitor,primary_competitor_supported,fltx_worst_bits,fltx_mean_bits,fltx_domain_score,fltx_inf_nan_support,competitor_worst_bits,competitor_mean_bits,competitor_domain_score,competitor_inf_nan_support,precision_gap_bits,domain_gap_pp,fltx_ns_iter,competitor_ns_iter,speed_ratio,preferred_reference,preferred_mean_gap_bits,preferred_worst_gap_bits,preferred_domain_gap_pp,preferred_speed_ratio,qdpp (qd_real)_supported,qdpp (qd_real)_worst_bits,qdpp (qd_real)_mean_bits,qdpp (qd_real)_domain_score,qdpp (qd_real)_inf_nan_support,qdpp (qd_real)_gap_bits,qdpp (qd_real)_domain_gap_pp,qdpp (qd_real)_ns_iter,qdpp (qd_real)_speed_ratio
f256 <-> f256,add,f256,add,primary,primary,211,boost::multiprecision::mpfr_float_backend<64>,yes,exact,320,100,Both,152.628,236.255,99.6879,Both,exact,0.312055,13.6182,57.5489,4.22589,qdpp (qd_real),0,0,0,2.62337,yes,exact,320,100,NaN,0,0,35.7256,2.62337
f256 <-> f256,subtract,f256,subtract,primary,primary,211,boost::multiprecision::mpfr_float_backend<64>,yes,exact,320,100,Both,154.349,236.57,99.9568,Both,exact,0.0432255,13.8717,58.8027,4.23904,qdpp (qd_real),0,0,0,2.64834,yes,exact,320,100,NaN,0,0,36.7371,2.64834
f256 <-> f256,multiply,f256,multiply,primary,primary,211,boost::multiprecision::mpfr_float_backend<64>,yes,exact,320,100,Both,213.228,249.996,100,Both,exact,0,18.0752,62.8773,3.47865,qdpp (qd_real),0,0,0,1.18259,yes,exact,320,100,Both,0,0,21.3755,1.18259
f256 <-> f256,divide,f256,divide,primary,primary,211,boost::multiprecision::mpfr_float_backend<64>,yes,215.082,294.169,100,Both,213,234.635,100,Both,2.08171,0,79.4537,117.953,1.48455,boost::multiprecision::mpfr_float_backend<64>,59.5347,2.08171,0,1.48455,yes,215.082,297.945,100,NaN,0,0,311.702,3.92307
Rounding,floor,f256,floor,primary,primary,215,boost::multiprecision::mpfr_float_backend<64>,yes,exact,320,100,Both,exact,320,99.9303,Both,0,0.0697354,10.1413,48.1737,4.75026,qdpp (qd_real),0,0,0,0.846075,yes,exact,320,100,Both,0,0,8.58028,0.846075
Rounding,ceil,f256,ceil,primary,primary,215,boost::multiprecision::mpfr_float_backend<64>,yes,exact,320,100,Both,exact,320,99.9082,Both,0,0.09183,10.0334,54.4928,5.43114,qdpp (qd_real),0,0,0,0.861142,yes,exact,320,100,Both,0,0,8.64018,0.861142
Rounding,trunc,f256,trunc,primary,primary,215,boost::multiprecision::mpfr_float_backend<64>,yes,exact,320,100,Both,exact,320,99.765,Both,0,0.235029,12.3107,50.7295,4.12077,qdpp (qd_real),0,0,0,0.730009,yes,exact,320,100,Both,0,0,8.98692,0.730009
Rounding,round,f256,round,primary,primary,215,boost::multiprecision::mpfr_float_backend<64>,yes,exact,320,100,Both,exact,320,99.8241,Both,0,0.175852,14.4074,103.435,7.1793,boost::multiprecision::mpfr_float_backend<64>,0,0,0.175852,7.1793,yes,12.2088,290.548,79.8606,Both,exact,20.1394,8.98312,0.623508
Rounding,nearbyint,f256,nearbyint,primary,primary,215,boost::multiprecision::mpfr_float_backend<64>,yes,exact,320,100,Both,52,316.265,79.9262,Both,exact,20.0738,12.5428,114.023,9.0907,boost::multiprecision::mpfr_float_backend<64>,exact,268,20.0738,9.0907,yes,12.2088,286.814,79.7798,Both,exact,20.2202,8.98261,0.716158
Rounding,rint,f256,rint,primary,primary,215,boost::multiprecision::mpfr_float_backend<64>,yes,exact,320,100,Both,52,316.265,79.9264,Both,exact,20.0736,12.8902,112.966,8.76376,boost::multiprecision::mpfr_float_backend<64>,exact,268,20.0736,8.76376,yes,12.2088,286.814,79.791,Both,exact,20.209,9.02406,0.700072
Rounding,lround,f256,lround,primary,primary,212,boost::multiprecision::mpfr_float_backend<64>,yes,exact,320,100,Both,exact,320,100,No,0,0,10.2641,141.769,13.8121,boost::multiprecision::mpfr_float_backend<64>,0,0,0,13.8121,no,-,-,-,-,-,-,-,-
Rounding,llround,f256,llround,primary,primary,216,boost::multiprecision::mpfr_float_backend<64>,yes,exact,320,100,Both,exact,320,100,No,0,0,7.52379,260.308,34.5981,boost::multiprecision::mpfr_float_backend<64>,0,0,0,34.5981,no,-,-,-,-,-,-,-,-
Rounding,lrint,f256,lrint,primary,primary,212,boost::multiprecision::mpfr_float_backend<64>,yes,exact,320,100,Both,exact,320,79.924,No,0,20.076,10.1857,165.262,16.2249,boost::multiprecision::mpfr_float_backend<64>,0,0,20.076,16.2249,no,-,-,-,-,-,-,-,-
Rounding,llrint,f256,llrint,primary,primary,216,boost::multiprecision::mpfr_float_backend<64>,yes,exact,320,100,Both,0,317.037,79.924,No,exact,20.076,9.68513,278.633,28.7691,boost::multiprecision::mpfr_float_backend<64>,exact,320,20.076,28.7691,no,-,-,-,-,-,-,-,-
Remainders,fmod,f256,fmod,primary,primary,209,boost::multiprecision::mpfr_float_backend<64>,yes,exact,320,100,Both,173.502,230.527,39.4109,Both,exact,60.5891,105.619,322.851,3.05676,qdpp (qd_real),exact,143.804,67.7575,3.76536,yes,176.196,275.444,32.2425,NaN,exact,67.7575,397.692,3.76536
Remainders,remainder,f256,remainder,primary,primary,209,boost::multiprecision::mpfr_float_backend<64>,yes,212.193,316.272,99.5026,Both,173.502,229.943,39.8679,Both,38.6906,59.6348,135.975,316.645,2.3287,qdpp (qd_real),41.2356,35.8474,66.674,2.88693,yes,176.345,275.036,32.8286,NaN,35.8474,66.674,392.55,2.88693
Remainders,remquo,f256,remquo,primary,primary,209,boost::multiprecision::mpfr_float_backend<64>,yes,212.193,316.272,99.3214,Both,173.502,229.943,39.6749,Both,38.6906,59.6464,132.672,379.274,2.85873,boost::multiprecision::mpfr_float_backend<64>,86.329,38.6906,59.6464,2.85873,no,-,-,-,-,-,-,-,-
Floating-point utilities,abs,f256,fabs,primary,primary,213,boost::multiprecision::mpfr_float_backend<64>,yes,exact,320,100,Both,214.051,250.58,100,Both,exact,0,8.53865,49.2681,5.77002,qdpp (qd_real),0,0,0,1.00209,yes,exact,320,100,Both,0,0,8.55653,1.00209
Floating-point utilities,fma,f256,fma,primary,primary,207,boost::multiprecision::mpfr_float_backend<64>,yes,exact,320,100,Both,201.732,228.439,100,Both,exact,0,30.9128,139.518,4.51327,boost::multiprecision::mpfr_float_backend<64>,exact,118.268,0,4.51327,no,-,-,-,-,-,-,-,-
Floating-point utilities,fmin,f256,fmin,primary,primary,211,boost::multiprecision::mpfr_float_backend<64>,yes,exact,320,100,Both,214.128,245.448,100,Both,exact,0,8.57512,67.998,7.92969,boost::multiprecision::mpfr_float_backend<64>,exact,105.872,0,7.92969,no,-,-,-,-,-,-,-,-
Floating-point utilities,fmax,f256,fmax,primary,primary,211,boost::multiprecision::mpfr_float_backend<64>,yes,exact,320,100,Both,214.221,248.543,100,Both,exact,0,8.6626,68.851,7.94808,boost::multiprecision::mpfr_float_backend<64>,exact,105.779,0,7.94808,no,-,-,-,-,-,-,-,-
Floating-point utilities,fdim,f256,fdim,primary,primary,211,boost::multiprecision::mpfr_float_backend<64>,yes,exact,320,100,Both,154.982,276.319,100,No,exact,0,13.6499,64.859,4.75159,boost::multiprecision::mpfr_float_backend<64>,exact,165.018,0,4.75159,no,-,-,-,-,-,-,-,-
Floating-point utilities,copysign,f256,copysign,primary,primary,211,boost::multiprecision::mpfr_float_backend<64>,yes,exact,320,100,Both,214.128,247.093,100,Both,exact,0,8.69351,115.105,13.2404,boost::multiprecision::mpfr_float_backend<64>,exact,105.872,0,13.2404,no,-,-,-,-,-,-,-,-
Floating-point utilities,ldexp,f256,ldexp,primary,primary,209,boost::multiprecision::mpfr_float_backend<64>,yes,exact,320,100,Both,214.016,273.841,100,Both,exact,0,8.78417,55.1292,6.27597,qdpp (qd_real),0,0,0,1.26966,yes,exact,320,100,Both,0,0,11.1529,1.26966
Floating-point utilities,scalbn,f256,scalbn,primary,primary,209,boost::multiprecision::mpfr_float_backend<64>,yes,exact,320,100,Both,214.016,273.841,100,Both,exact,0,8.57944,54.7844,6.38554,qdpp (qd_real),0,0,0,1.49273,yes,exact,320,100,Both,0,0,12.8067,1.49273
Floating-point utilities,scalbln,f256,scalbln,primary,primary,209,boost::multiprecision::mpfr_float_backend<64>,yes,exact,320,100,Both,214.016,273.841,100,Both,exact,0,8.71568,55.9501,6.41947,qdpp (qd_real),0,0,0,1.16103,yes,exact,320,100,Both,0,0,10.1191,1.16103
Floating-point utilities,frexp,f256,frexp,primary,primary,213,boost::multiprecision::mpfr_float_backend<64>,yes,exact,320,100,Both,214.051,250.58,100,Both,exact,0,11.2278,51.1889,4.55913,boost::multiprecision::mpfr_float_backend<64>,exact,105.949,0,4.55913,no,-,-,-,-,-,-,-,-
Floating-point utilities,modf,f256,modf,primary,primary,215,boost::multiprecision::mpfr_float_backend<64>,yes,exact,320,100,Both,187,214.406,50.3689,Both,exact,49.6311,18.8663,118.238,6.26717,boost::multiprecision::mpfr_float_backend<64>,exact,133,49.6311,6.26717,no,-,-,-,-,-,-,-,-
Floating-point utilities,ilogb,f256,ilogb,primary,primary,213,boost::multiprecision::mpfr_float_backend<64>,yes,exact,320,79.6315,Both,exact,320,100,Both,0,-20.3685,2.14009,33.7895,15.7888,boost::multiprecision::mpfr_float_backend<64>,0,0,-20.3685,15.7888,no,-,-,-,-,-,-,-,-
Floating-point utilities,logb,f256,logb,primary,primary,213,boost::multiprecision::mpfr_float_backend<64>,yes,exact,320,79.6317,Both,exact,320,100,Both,0,-20.3683,8.57191,84.6032,9.86982,boost::multiprecision::mpfr_float_backend<64>,0,0,-20.3683,9.86982,no,-,-,-,-,-,-,-,-
Floating-point utilities,nextafter,f256,nextafter,primary,primary,212,boost::multiprecision::mpfr_float_backend<64>,yes,exact,320,100,Both,212.596,237.078,100,No,exact,0,10.4226,710.859,68.2038,boost::multiprecision::mpfr_float_backend<64>,exact,107.404,0,68.2038,no,-,-,-,-,-,-,-,-
Floating-point utilities,nexttoward(type),f256,nexttoward,primary,primary,212,boost::multiprecision::mpfr_float_backend<64>,yes,exact,320,100,Both,212.596,237.078,100,No,exact,0,9.90319,668.379,67.4913,boost::multiprecision::mpfr_float_backend<64>,exact,107.404,0,67.4913,no,-,-,-,-,-,-,-,-
Roots & powers,sqrt,f256,sqrt,primary,primary,213,boost::multiprecision::mpfr_float_backend<64>,yes,213.093,270.839,100,Both,213.474,241.717,100,Both,-0.380449,0,122.869,183.058,1.48986,boost::multiprecision::mpfr_float_backend<64>,29.1216,-0.380449,0,1.48986,yes,176.034,258.416,77.4285,NaN,37.0588,22.5715,488.025,3.97193
Roots & powers,cbrt,f256,cbrt,primary,primary,213,boost::multiprecision::mpfr_float_backend<64>,yes,216,298.624,100,Both,213.884,234.137,100,Both,2.11625,0,349.63,561.522,1.60605,boost::multiprecision::mpfr_float_backend<64>,64.4864,2.11625,0,1.60605,yes,214.297,261.888,79.9201,NaN,1.70326,20.0799,1214.28,3.47304
Roots & powers,hypot,f256,hypot,primary,primary,212,boost::multiprecision::mpfr_float_backend<64>,yes,215.197,290.765,100,Both,212.75,226.557,100,Both,2.44647,0,204.639,666.518,3.25704,boost::multiprecision::mpfr_float_backend<64>,64.2079,2.44647,0,3.25704,no,-,-,-,-,-,-,-,-
Roots & powers,pow,f256,pow,primary,primary,217,boost::multiprecision::mpfr_float_backend<64>,yes,211.435,256.005,98.4805,Both,206.964,234.266,99.7143,Both,4.47171,-1.23382,2015.2,3147.24,1.56175,boost::multiprecision::mpfr_float_backend<64>,21.7395,4.47171,-1.23382,1.56175,yes,0,192.271,98.5464,No,211.435,-0.0658753,7361.22,3.65285
Exponentials,exp,f256,exp,primary,primary,213,boost::multiprecision::mpfr_float_backend<64>,yes,212.83,262.57,100,Both,0,228.466,100,Both,212.83,0,902.65,1283.69,1.42213,boost::multiprecision::mpfr_float_backend<64>,34.1043,212.83,0,1.42213,yes,0,256.403,100,Both,212.83,0,2018.65,2.23636
Exponentials,exp2,f256,exp2,primary,primary,213,boost::multiprecision::mpfr_float_backend<64>,yes,214.062,281.753,100,Both,208.508,244.674,100,Both,5.55411,0,797.562,1914.42,2.40034,boost::multiprecision::mpfr_float_backend<64>,37.079,5.55411,0,2.40034,no,-,-,-,-,-,-,-,-
Exponentials,expm1,f256,expm1,primary,primary,213,boost::multiprecision::mpfr_float_backend<64>,yes,212.83,277.974,100,Both,0,223.148,100,Both,212.83,0,933.041,1787.28,1.91554,boost::multiprecision::mpfr_float_backend<64>,54.8259,212.83,0,1.91554,yes,-0,269.971,79.953,NaN,212.83,20.047,2184.45,2.34122
Logarithms,log,f256,log,primary,primary,213,boost::multiprecision::mpfr_float_backend<64>,yes,215.453,292.732,100,Both,214.1,230.524,100,Both,1.35355,0,1612.46,2983.28,1.85015,boost::multiprecision::mpfr_float_backend<64>,62.2083,1.35355,0,1.85015,yes,182.203,289.484,78.1887,NaN,33.2504,21.8113,6506.43,4.0351
Logarithms,log2,f256,log2,primary,primary,213,boost::multiprecision::mpfr_float_backend<64>,yes,214.81,269.375,100,Both,214.093,235.376,100,Both,0.716398,0,1644.63,3593.04,2.18471,boost::multiprecision::mpfr_float_backend<64>,33.9983,0.716398,0,2.18471,no,-,-,-,-,-,-,-,-
Logarithms,log10,f256,log10,primary,primary,213,boost::multiprecision::mpfr_float_backend<64>,yes,214.511,278.012,100,Both,214.031,229.978,100,Both,0.480501,0,1644.68,5318.44,3.23372,boost::multiprecision::mpfr_float_backend<64>,48.034,0.480501,0,3.23372,yes,182.203,239.439,78.1149,NaN,32.3084,21.8851,7509.67,4.56603
Logarithms,log1p,f256,log1p,primary,primary,209,boost::multiprecision::mpfr_float_backend<64>,yes,214.536,265.997,100,Both,213.037,231.336,100,Both,1.49945,0,1685.43,3111.57,1.84616,boost::multiprecision::mpfr_float_backend<64>,34.6612,1.49945,0,1.84616,yes,6.56927,257.767,80.5582,NaN,207.967,19.4418,6917.99,4.10459
Trigonometric,sin,f256,sin,primary,primary,224,boost::multiprecision::mpfr_float_backend<64>,yes,215.541,290.736,100,Both,199.001,208.346,95.5352,Both,16.5397,4.46479,838.157,1727.86,2.0615,boost::multiprecision::mpfr_float_backend<64>,82.3904,16.5397,4.46479,2.0615,yes,149.977,204.519,77.637,Both,65.5631,22.363,1867.2,2.22775
Trigonometric,cos,f256,cos,primary,primary,224,boost::multiprecision::mpfr_float_backend<64>,yes,215,286.849,100,Both,199.001,210.156,95.5584,Both,15.9991,4.44159,861.412,1808.44,2.09939,boost::multiprecision::mpfr_float_backend<64>,76.6926,15.9991,4.44159,2.09939,yes,149.977,204.485,77.6529,Both,65.0225,22.3471,1908.96,2.21608
Trigonometric,tan,f256,tan,primary,primary,216,boost::multiprecision::mpfr_float_backend<64>,yes,213.017,247.088,100,Both,194.184,205.367,94.4545,Both,18.8329,5.54547,1085.62,2136.16,1.96769,boost::multiprecision::mpfr_float_backend<64>,41.7211,18.8329,5.54547,1.96769,yes,149.968,202.583,77.0534,Both,63.0482,22.9466,2301.76,2.12022
Trigonometric,asin,f256,asin,primary,primary,209,boost::multiprecision::mpfr_float_backend<64>,yes,214.023,267.992,100,Both,208.731,228.839,100,Both,5.29171,0,1321.22,6200.81,4.69325,boost::multiprecision::mpfr_float_backend<64>,39.1528,5.29171,0,4.69325,yes,213.541,237.513,100,No,0.482158,0,8401.74,6.35909
Trigonometric,acos,f256,acos,primary,primary,209,boost::multiprecision::mpfr_float_backend<64>,yes,214.113,267.527,100,Both,208.078,232.378,100,Both,6.03465,0,1348.86,6376.62,4.72741,boost::multiprecision::mpfr_float_backend<64>,35.1491,6.03465,0,4.72741,yes,213.43,250.722,100,No,0.682808,0,8699.66,6.44963
Trigonometric,atan,f256,atan,primary,primary,213,boost::multiprecision::mpfr_float_backend<64>,yes,214.651,293.16,100,Both,214.58,253.669,100,Both,0.0714049,0,885.912,2279.06,2.57256,boost::multiprecision::mpfr_float_backend<64>,39.4904,0.0714049,0,2.57256,yes,214.415,277.459,39.6915,NaN,0.236459,60.3085,6323.29,7.13761
Trigonometric,atan2,f256,atan2,primary,primary,211,boost::multiprecision::mpfr_float_backend<64>,yes,214.651,273.062,97.1549,Both,214,237.886,100,Both,0.651496,-2.8451,1065.03,5707.29,5.35879,boost::multiprecision::mpfr_float_backend<64>,35.176,0.651496,-2.8451,5.35879,yes,0,256.256,25.9127,NaN,214.651,71.2422,6570.2,6.16901
Hyperbolic,sinh,f256,sinh,primary,primary,209,boost::multiprecision::mpfr_float_backend<64>,yes,213.827,248.035,100,Both,208.969,220.138,100,Both,4.85809,0,1188.08,2116.6,1.78154,boost::multiprecision::mpfr_float_backend<64>,27.8976,4.85809,0,1.78154,yes,214.056,241.961,100,NaN,-0.228877,0,2560.31,2.15501
Hyperbolic,cosh,f256,cosh,primary,primary,209,boost::multiprecision::mpfr_float_backend<64>,yes,213.827,260.523,100,Both,209.001,223.494,100,Both,4.82584,0,1158.45,1773.06,1.53055,boost::multiprecision::mpfr_float_backend<64>,37.029,4.82584,0,1.53055,yes,213.954,249.487,100,NaN,-0.126482,0,2528.93,2.18304
Hyperbolic,tanh,f256,tanh,primary,primary,209,boost::multiprecision::mpfr_float_backend<64>,yes,217,302.277,100,Both,214.415,231.906,100,Both,2.58496,0,1137.94,1747.93,1.53604,boost::multiprecision::mpfr_float_backend<64>,70.3709,2.58496,0,1.53604,yes,216,294.494,100,Both,1,0,2469.33,2.16999
Inverse hyperbolic,asinh,f256,asinh,primary,primary,209,boost::multiprecision::mpfr_float_backend<64>,yes,214.322,275.56,100,Both,213.845,240.349,100,Both,0.477073,0,2165.09,5990.97,2.76707,boost::multiprecision::mpfr_float_backend<64>,35.2115,0.477073,0,2.76707,yes,6.56927,269.503,38.8353,NaN,207.753,61.1647,6887.17,3.18101
Inverse hyperbolic,acosh,f256,acosh,primary,primary,209,boost::multiprecision::mpfr_float_backend<64>,yes,214.715,280.475,100,Both,185.805,228.687,100,Both,28.9092,0,2077.01,5821.74,2.80294,boost::multiprecision::mpfr_float_backend<64>,51.7877,28.9092,0,2.80294,yes,6.56927,267.367,13.2776,NaN,208.145,86.7224,7089.63,3.41338
Inverse hyperbolic,atanh,f256,atanh,primary,primary,209,boost::multiprecision::mpfr_float_backend<64>,yes,215,272.458,100,Both,166.3,229.95,100,Both,48.7004,0,1865.94,4233.82,2.269,boost::multiprecision::mpfr_float_backend<64>,42.5083,48.7004,0,2.269,yes,7.56927,266.465,80.6852,Both,207.431,19.3148,6925.47,3.71153
Special functions,erfc,f256,erfc,primary,primary,217,boost::multiprecision::mpfr_float_backend<64>,yes,197.334,244.004,97.2301,Both,214.185,237.108,100,Both,-16.8506,-2.76991,8241.32,26337.5,3.19578,boost::multiprecision::mpfr_float_backend<64>,6.89555,-16.8506,-2.76991,3.19578,no,-,-,-,-,-,-,-,-
Special functions,erf,f256,erf,primary,primary,217,boost::multiprecision::mpfr_float_backend<64>,yes,197.069,254.295,97.0863,Both,214.415,230.885,100,Both,-17.3464,-2.91373,8525.88,17852.5,2.09392,boost::multiprecision::mpfr_float_backend<64>,23.4103,-17.3464,-2.91373,2.09392,no,-,-,-,-,-,-,-,-
Special functions,tgamma,f256,tgamma,primary,primary,218,boost::multiprecision::mpfr_float_backend<64>,yes,202.583,222.842,96.297,Both,204.683,223.326,100,Both,-2.10037,-3.70299,8235.74,18267.5,2.21807,boost::multiprecision::mpfr_float_backend<64>,-0.484106,-2.10037,-3.70299,2.21807,no,-,-,-,-,-,-,-,-
Special functions,lgamma,f256,lgamma,primary,primary,218,boost::multiprecision::mpfr_float_backend<64>,yes,202.713,237.57,97.4838,Both,0,198.102,46.275,Both,202.713,51.2089,7172.31,20780.8,2.89737,boost::multiprecision::mpfr_float_backend<64>,39.4683,202.713,51.2089,2.89737,no,-,-,-,-,-,-,-,-
Comparisons,operator==,f256,operator==,primary,primary,212,boost::multiprecision::mpfr_float_backend<64>,yes,320,320,100,Both,320,320,100,Both,0,0,2.13701,6.46759,3.02647,qdpp (qd_real),0,0,0,1.00198,yes,320,320,100,Both,0,0,2.14124,1.00198
Comparisons,operator!=,f256,operator!=,primary,primary,212,boost::multiprecision::mpfr_float_backend<64>,yes,320,320,100,Both,320,320,100,Both,0,0,2.13651,6.34413,2.96939,qdpp (qd_real),0,0,0,1.05372,yes,320,320,100,Both,0,0,2.25128,1.05372
Comparisons,operator<,f256,operator<,primary,primary,212,boost::multiprecision::mpfr_float_backend<64>,yes,320,320,100,Both,320,320,100,Both,0,0,2.33286,8.55827,3.66858,qdpp (qd_real),0,0,0,1.1405,yes,320,320,100,Both,0,0,2.66061,1.1405
Comparisons,operator>,f256,operator>,primary,primary,212,boost::multiprecision::mpfr_float_backend<64>,yes,320,320,100,Both,320,320,100,Both,0,0,2.31938,8.6654,3.73608,qdpp (qd_real),0,0,0,0.960009,yes,320,320,100,Both,0,0,2.22663,0.960009
Comparisons,operator<=,f256,operator<=,primary,primary,212,boost::multiprecision::mpfr_float_backend<64>,yes,320,320,100,Both,320,320,100,Both,0,0,2.36147,9.58874,4.06049,qdpp (qd_real),0,0,0,1.18456,yes,320,320,100,Both,0,0,2.79731,1.18456
Comparisons,operator>=,f256,operator>=,primary,primary,212,boost::multiprecision::mpfr_float_backend<64>,yes,320,320,100,Both,320,320,100,Both,0,0,2.37515,10.2307,4.3074,qdpp (qd_real),0,0,0,1.10398,yes,320,320,100,Both,0,0,2.62211,1.10398
