group,label,precision,operation,domain,domain_role,samples,primary_competitor,primary_competitor_supported,fltx_worst_bits,fltx_mean_bits,fltx_domain_score,fltx_inf_nan_correct,competitor_worst_bits,competitor_mean_bits,competitor_domain_score,competitor_inf_nan_correct,precision_gap_bits,domain_gap_pp,fltx_ns_iter,competitor_ns_iter,speed_ratio,preferred_reference,preferred_mean_gap_bits,preferred_worst_gap_bits,preferred_domain_gap_pp,preferred_speed_ratio,qdpp (dd_real)_supported,qdpp (dd_real)_worst_bits,qdpp (dd_real)_mean_bits,qdpp (dd_real)_domain_score,qdpp (dd_real)_inf_nan_correct,qdpp (dd_real)_gap_bits,qdpp (dd_real)_domain_gap_pp,qdpp (dd_real)_ns_iter,qdpp (dd_real)_speed_ratio
f128 <-> f128,add,f128,add,primary,primary,414,boost::multiprecision::cpp_double_double,yes,105.53,132.842,100,Yes,105.53,132.842,100,Yes,0,0,4.32535,8.53781,1.9739,qdpp (dd_real),0,0,0,1.00267,yes,105.53,132.842,100,No,0,0,4.3369,1.00267
f128 <-> f128,subtract,f128,subtract,primary,primary,414,boost::multiprecision::cpp_double_double,yes,106.233,134.132,100,Yes,106.233,134.132,100,Yes,0,0,4.3618,8.53101,1.95585,qdpp (dd_real),0,0,0,0.994028,yes,106.233,134.132,100,No,0,0,4.33575,0.994028
f128 <-> f128,multiply,f128,multiply,primary,primary,414,boost::multiprecision::cpp_double_double,yes,104.496,139.816,100,Yes,104.496,139.802,99.9555,No,0,0.0444784,4.3383,9.41538,2.17029,qdpp (dd_real),0,0,0,1.01197,yes,104.496,139.816,100,No,0,0,4.39025,1.01197
f128 <-> f128,divide,f128,divide,primary,primary,414,boost::multiprecision::cpp_double_double,yes,103.574,123.764,99.9118,Yes,103.574,123.764,99.9118,No,0,0,4.36935,9.34473,2.1387,boost::multiprecision::cpp_double_double,0,0,0,2.1387,yes,106.099,124.197,100,No,-2.52582,-0.0881935,11.2967,2.58543
Mixed Workloads,affine trig transform,f128,affine transform,mixed,stress,28,boost::multiprecision::cpp_double_double,yes,109.179,109.227,100,-,105.205,107.24,99.4373,-,3.97402,0.562711,131.638,1433.44,10.8893,qdpp (dd_real),2.49603,4.99207,1.28303,1.51588,yes,104.187,106.731,98.717,-,4.99207,1.28303,199.547,1.51588
Mixed Workloads,mandelbrot kernel,f128,mandelbrot,mixed,stress,3072,boost::multiprecision::cpp_double_double,yes,3.41619,152.228,51.3273,-,3.54951,152.561,51.36,-,-0.133319,-0.0326876,13.4454,58.8343,4.3758,qdpp (dd_real),1.83759,-0.185565,0.724835,0.995065,yes,3.60175,150.39,50.6024,-,-0.185565,0.724835,13.379,0.995065
Mixed Workloads,mixed arithmetic,f128,mixed arithmetic,mixed,stress,196,boost::multiprecision::cpp_double_double,yes,98.1304,107.646,98.9574,-,98.1304,107.646,98.9574,-,0,0,42.9725,156.435,3.64034,qdpp (dd_real),1.83934,2.84315,0.978005,1.43756,yes,95.2873,105.806,97.9794,-,2.84315,0.978005,61.7754,1.43756
IO,"to_string(big-dec, 15, default)",f128,"to_string(big-dec, 15, default)",io,primary,1000,boost::multiprecision::cpp_double_double,yes,exact,160,100,-,exact,160,100,-,0,0,231.525,678.175,2.92917,boost::multiprecision::cpp_double_double,0,0,0,2.92917,no,-,-,-,-,-,-,-,-
IO,"to_string(big-dec, 15, fixed)",f128,"to_string(big-dec, 15, fixed)",io,primary,1000,boost::multiprecision::cpp_double_double,yes,exact,160,100,-,exact,160,100,-,0,0,134.2,757.725,5.64624,boost::multiprecision::cpp_double_double,0,0,0,5.64624,yes,102.948,159.013,99.2983,-,exact,0.701696,934.225,6.96144
IO,"to_string(big-dec, 15, hexfloat)",f128,"to_string(big-dec, 15, hexfloat)",io,primary,1000,boost::multiprecision::cpp_double_double,no,exact,160,100,-,-,-,-,-,-,-,120.9,-,-,-,-,-,-,-,no,-,-,-,-,-,-,-,-
IO,"to_string(big-dec, 15, scientific)",f128,"to_string(big-dec, 15, scientific)",io,primary,1000,boost::multiprecision::cpp_double_double,yes,exact,160,100,-,exact,160,100,-,0,0,269.775,678.125,2.51367,qdpp (dd_real),0,0,0,0.963859,yes,exact,160,100,-,0,0,260.025,0.963859
IO,"to_string(big-dec, 31, default)",f128,"to_string(big-dec, 31, default)",io,primary,1000,boost::multiprecision::cpp_double_double,yes,exact,160,100,-,exact,160,100,-,0,0,191.6,752.95,3.9298,boost::multiprecision::cpp_double_double,0,0,0,3.9298,no,-,-,-,-,-,-,-,-
IO,"to_string(big-dec, 31, fixed)",f128,"to_string(big-dec, 31, fixed)",io,primary,1000,boost::multiprecision::cpp_double_double,yes,exact,160,100,-,exact,160,100,-,0,0,161.5,980.6,6.07183,boost::multiprecision::cpp_double_double,0,0,0,6.07183,yes,106.913,109.751,100,-,exact,0,998.375,6.18189
IO,"to_string(big-dec, 31, hexfloat)",f128,"to_string(big-dec, 31, hexfloat)",io,primary,1000,boost::multiprecision::cpp_double_double,no,exact,160,100,-,-,-,-,-,-,-,118.4,-,-,-,-,-,-,-,no,-,-,-,-,-,-,-,-
IO,"to_string(big-dec, 31, scientific)",f128,"to_string(big-dec, 31, scientific)",io,primary,1000,boost::multiprecision::cpp_double_double,yes,exact,160,100,-,exact,160,100,-,0,0,252.8,804.675,3.18305,boost::multiprecision::cpp_double_double,0,0,0,3.18305,yes,103.082,154.825,98.9746,-,exact,1.02537,433.6,1.71519
IO,"to_string(big-dec, 7, default)",f128,"to_string(big-dec, 7, default)",io,primary,1000,boost::multiprecision::cpp_double_double,yes,exact,160,100,-,exact,160,100,-,0,0,159.975,630.55,3.94155,boost::multiprecision::cpp_double_double,0,0,0,3.94155,no,-,-,-,-,-,-,-,-
IO,"to_string(big-dec, 7, fixed)",f128,"to_string(big-dec, 7, fixed)",io,primary,1000,boost::multiprecision::cpp_double_double,yes,exact,160,100,-,exact,160,100,-,0,0,122.075,643.925,5.27483,boost::multiprecision::cpp_double_double,0,0,0,5.27483,yes,exact,160,100,-,0,0,883.05,7.23367
IO,"to_string(big-dec, 7, hexfloat)",f128,"to_string(big-dec, 7, hexfloat)",io,primary,1000,boost::multiprecision::cpp_double_double,no,exact,160,100,-,-,-,-,-,-,-,125.275,-,-,-,-,-,-,-,no,-,-,-,-,-,-,-,-
IO,"to_string(big-dec, 7, scientific)",f128,"to_string(big-dec, 7, scientific)",io,primary,1000,boost::multiprecision::cpp_double_double,yes,exact,160,100,-,exact,160,100,-,0,0,169.7,632.3,3.72599,qdpp (dd_real),0,0,0,0.994107,yes,exact,160,100,-,0,0,168.7,0.994107
IO,"to_string(brute-huge, rand, default)",f128,"to_string(brute-huge, rand, default)",io,primary,1000,boost::multiprecision::cpp_double_double,yes,0,156.16,48.8,-,0,156.16,48.8,-,0,0,554.2,1311.8,2.36702,boost::multiprecision::cpp_double_double,0,0,0,2.36702,no,-,-,-,-,-,-,-,-
IO,"to_string(brute-huge, rand, fixed)",f128,"to_string(brute-huge, rand, fixed)",io,primary,1000,boost::multiprecision::cpp_double_double,yes,exact,160,100,-,0,154.24,48.2,-,exact,51.8,400.75,1271.42,3.17261,boost::multiprecision::cpp_double_double,exact,160,51.8,3.17261,no,-,-,-,-,-,-,-,-
IO,"to_string(brute-huge, rand, hexfloat)",f128,"to_string(brute-huge, rand, hexfloat)",io,primary,1000,boost::multiprecision::cpp_double_double,no,exact,160,100,-,-,-,-,-,-,-,103.375,-,-,-,-,-,-,-,no,-,-,-,-,-,-,-,-
IO,"to_string(brute-huge, rand, scientific)",f128,"to_string(brute-huge, rand, scientific)",io,primary,1000,boost::multiprecision::cpp_double_double,yes,0,154.609,48.3229,-,0,154.72,48.35,-,0,-0.02708,587.45,1306.97,2.22483,boost::multiprecision::cpp_double_double,-0.11141,0,-0.02708,2.22483,yes,0,151.852,48.1945,-,0,0.128446,296.875,0.505362
IO,"to_string(brute-med, rand, default)",f128,"to_string(brute-med, rand, default)",io,primary,1000,boost::multiprecision::cpp_double_double,yes,0,155.68,48.65,-,0,155.68,48.65,-,0,0,154.05,789.175,5.12285,boost::multiprecision::cpp_double_double,0,0,0,5.12285,no,-,-,-,-,-,-,-,-
IO,"to_string(brute-med, rand, fixed)",f128,"to_string(brute-med, rand, fixed)",io,primary,1000,boost::multiprecision::cpp_double_double,yes,14.4139,159.278,82.5065,-,0,154.56,48.3,-,14.4139,34.2065,96.475,728.85,7.55481,qdpp (dd_real),3.50512,14.4139,2.9565,9.07904,yes,-0,155.773,79.55,-,14.4139,2.9565,875.9,9.07904
IO,"to_string(brute-med, rand, hexfloat)",f128,"to_string(brute-med, rand, hexfloat)",io,primary,1000,boost::multiprecision::cpp_double_double,no,exact,160,100,-,-,-,-,-,-,-,105.35,-,-,-,-,-,-,-,no,-,-,-,-,-,-,-,-
IO,"to_string(brute-med, rand, scientific)",f128,"to_string(brute-med, rand, scientific)",io,primary,1000,boost::multiprecision::cpp_double_double,yes,0,156.768,49.0104,-,0,156.96,49.05,-,0,-0.0395941,273.75,849.15,3.10192,boost::multiprecision::cpp_double_double,-0.191939,0,-0.0395941,3.10192,yes,0,156.743,49.0493,-,0,-0.0389369,265.65,0.970411
IO,"to_string(brute-tiny, rand, default)",f128,"to_string(brute-tiny, rand, default)",io,primary,1000,boost::multiprecision::cpp_double_double,yes,0,156.32,48.85,-,0,156.32,48.85,-,0,0,158.65,764.975,4.82178,boost::multiprecision::cpp_double_double,0,0,0,4.82178,no,-,-,-,-,-,-,-,-
IO,"to_string(brute-tiny, rand, fixed)",f128,"to_string(brute-tiny, rand, fixed)",io,primary,1000,boost::multiprecision::cpp_double_double,yes,-0,157.243,50.5036,-,0,154.4,48.25,-,-0,2.25361,97.525,740.55,7.59344,qdpp (dd_real),-0.782519,0,-29.1964,10.4107,yes,-0,158.025,79.7,-,0,-29.1964,1015.3,10.4107
IO,"to_string(brute-tiny, rand, hexfloat)",f128,"to_string(brute-tiny, rand, hexfloat)",io,primary,1000,boost::multiprecision::cpp_double_double,no,exact,160,100,-,-,-,-,-,-,-,103.275,-,-,-,-,-,-,-,no,-,-,-,-,-,-,-,-
IO,"to_string(brute-tiny, rand, scientific)",f128,"to_string(brute-tiny, rand, scientific)",io,primary,1000,boost::multiprecision::cpp_double_double,yes,0,156.48,48.9,-,0,156.48,48.9,-,0,0,288.3,858.925,2.97928,boost::multiprecision::cpp_double_double,0,0,0,2.97928,yes,0,155.986,48.8448,-,0,0.0552263,280.025,0.971297
IO,"to_string(high-prec, 15, default)",f128,"to_string(high-prec, 15, default)",io,primary,1000,boost::multiprecision::cpp_double_double,yes,exact,160,100,-,exact,160,100,-,0,0,150.925,753.35,4.99155,boost::multiprecision::cpp_double_double,0,0,0,4.99155,no,-,-,-,-,-,-,-,-
IO,"to_string(high-prec, 15, fixed)",f128,"to_string(high-prec, 15, fixed)",io,primary,1000,boost::multiprecision::cpp_double_double,yes,exact,160,100,-,exact,160,100,-,0,0,85.375,684.725,8.0202,boost::multiprecision::cpp_double_double,0,0,0,8.0202,yes,exact,160,100,-,0,0,939.05,10.9991
IO,"to_string(high-prec, 15, hexfloat)",f128,"to_string(high-prec, 15, hexfloat)",io,primary,1000,boost::multiprecision::cpp_double_double,no,exact,160,100,-,-,-,-,-,-,-,133.95,-,-,-,-,-,-,-,no,-,-,-,-,-,-,-,-
IO,"to_string(high-prec, 15, scientific)",f128,"to_string(high-prec, 15, scientific)",io,primary,1000,boost::multiprecision::cpp_double_double,yes,exact,160,100,-,exact,160,100,-,0,0,254.1,797.625,3.13902,qdpp (dd_real),0,0,0,1.01751,yes,exact,160,100,-,0,0,258.55,1.01751
IO,"to_string(high-prec, 31, default)",f128,"to_string(high-prec, 31, default)",io,primary,1000,boost::multiprecision::cpp_double_double,yes,101.543,159.596,99.1469,-,exact,160,100,-,-exact,-0.853116,178.675,972.925,5.44522,boost::multiprecision::cpp_double_double,-exact,-58.4575,-0.853116,5.44522,no,-,-,-,-,-,-,-,-
IO,"to_string(high-prec, 31, fixed)",f128,"to_string(high-prec, 31, fixed)",io,primary,1000,boost::multiprecision::cpp_double_double,yes,101.398,159.137,98.1488,-,exact,160,100,-,-exact,-1.85123,114.95,857.625,7.46085,boost::multiprecision::cpp_double_double,-exact,-58.6016,-1.85123,7.46085,yes,100.839,157.98,97.8608,-,0.559424,0.287994,1018.23,8.85798
IO,"to_string(high-prec, 31, hexfloat)",f128,"to_string(high-prec, 31, hexfloat)",io,primary,1000,boost::multiprecision::cpp_double_double,no,exact,160,100,-,-,-,-,-,-,-,119.55,-,-,-,-,-,-,-,no,-,-,-,-,-,-,-,-
IO,"to_string(high-prec, 31, scientific)",f128,"to_string(high-prec, 31, scientific)",io,primary,1000,boost::multiprecision::cpp_double_double,yes,exact,160,100,-,exact,160,100,-,0,0,733.075,1033.67,1.41005,boost::multiprecision::cpp_double_double,0,0,0,1.41005,yes,103.615,153.094,99.1027,-,exact,0.897257,435.5,0.594073
IO,"to_string(high-prec, 7, default)",f128,"to_string(high-prec, 7, default)",io,primary,1000,boost::multiprecision::cpp_double_double,yes,exact,160,100,-,exact,160,100,-,0,0,123.35,579.85,4.70085,boost::multiprecision::cpp_double_double,0,0,0,4.70085,no,-,-,-,-,-,-,-,-
IO,"to_string(high-prec, 7, fixed)",f128,"to_string(high-prec, 7, fixed)",io,primary,1000,boost::multiprecision::cpp_double_double,yes,exact,160,100,-,exact,160,100,-,0,0,57.275,551.575,9.63029,boost::multiprecision::cpp_double_double,0,0,0,9.63029,yes,exact,160,100,-,0,0,879,15.347
IO,"to_string(high-prec, 7, hexfloat)",f128,"to_string(high-prec, 7, hexfloat)",io,primary,1000,boost::multiprecision::cpp_double_double,no,exact,160,100,-,-,-,-,-,-,-,121.9,-,-,-,-,-,-,-,no,-,-,-,-,-,-,-,-
IO,"to_string(high-prec, 7, scientific)",f128,"to_string(high-prec, 7, scientific)",io,primary,1000,boost::multiprecision::cpp_double_double,yes,exact,160,100,-,exact,160,100,-,0,0,154.925,909.85,5.87284,qdpp (dd_real),0,0,0,1.08343,yes,exact,160,100,-,0,0,167.85,1.08343
IO,"to_string(huge, 15, default)",f128,"to_string(huge, 15, default)",io,primary,1000,boost::multiprecision::cpp_double_double,yes,exact,160,100,-,exact,160,100,-,0,0,261.85,740.475,2.82786,boost::multiprecision::cpp_double_double,0,0,0,2.82786,no,-,-,-,-,-,-,-,-
IO,"to_string(huge, 15, fixed)",f128,"to_string(huge, 15, fixed)",io,primary,1000,boost::multiprecision::cpp_double_double,yes,exact,160,100,-,exact,160,100,-,0,0,152.05,771.45,5.07366,boost::multiprecision::cpp_double_double,0,0,0,5.07366,yes,105.079,109.404,99.7469,-,exact,0.253085,919.1,6.04472
IO,"to_string(huge, 15, hexfloat)",f128,"to_string(huge, 15, hexfloat)",io,primary,1000,boost::multiprecision::cpp_double_double,no,exact,160,100,-,-,-,-,-,-,-,119.275,-,-,-,-,-,-,-,no,-,-,-,-,-,-,-,-
IO,"to_string(huge, 15, scientific)",f128,"to_string(huge, 15, scientific)",io,primary,1000,boost::multiprecision::cpp_double_double,yes,exact,160,100,-,exact,160,100,-,0,0,269.75,728.7,2.70139,qdpp (dd_real),0,0,0,0.966728,yes,exact,160,100,-,0,0,260.775,0.966728
IO,"to_string(huge, 31, default)",f128,"to_string(huge, 31, default)",io,primary,1000,boost::multiprecision::cpp_double_double,yes,exact,160,100,-,exact,160,100,-,0,0,206.225,700.65,3.3975,boost::multiprecision::cpp_double_double,0,0,0,3.3975,no,-,-,-,-,-,-,-,-
IO,"to_string(huge, 31, fixed)",f128,"to_string(huge, 31, fixed)",io,primary,1000,boost::multiprecision::cpp_double_double,yes,exact,160,100,-,exact,160,100,-,0,0,159.375,946.55,5.93914,boost::multiprecision::cpp_double_double,0,0,0,5.93914,yes,105.079,109.365,99.7469,-,exact,0.253085,962.2,6.03733
IO,"to_string(huge, 31, hexfloat)",f128,"to_string(huge, 31, hexfloat)",io,primary,1000,boost::multiprecision::cpp_double_double,no,exact,160,100,-,-,-,-,-,-,-,119.525,-,-,-,-,-,-,-,no,-,-,-,-,-,-,-,-
IO,"to_string(huge, 31, scientific)",f128,"to_string(huge, 31, scientific)",io,primary,1000,boost::multiprecision::cpp_double_double,yes,exact,160,100,-,exact,160,100,-,0,0,249.625,749.45,3.0023,boost::multiprecision::cpp_double_double,0,0,0,3.0023,yes,103.194,151.677,98.9988,-,exact,1.00124,433.05,1.7348
IO,"to_string(huge, 7, default)",f128,"to_string(huge, 7, default)",io,primary,1000,boost::multiprecision::cpp_double_double,yes,exact,160,100,-,exact,160,100,-,0,0,164.875,653.8,3.96543,boost::multiprecision::cpp_double_double,0,0,0,3.96543,no,-,-,-,-,-,-,-,-
IO,"to_string(huge, 7, fixed)",f128,"to_string(huge, 7, fixed)",io,primary,1000,boost::multiprecision::cpp_double_double,yes,exact,160,100,-,exact,160,100,-,0,0,132.475,630.2,4.75712,boost::multiprecision::cpp_double_double,0,0,0,4.75712,yes,105.057,153.369,99.7733,-,exact,0.226736,897.15,6.77222
IO,"to_string(huge, 7, hexfloat)",f128,"to_string(huge, 7, hexfloat)",io,primary,1000,boost::multiprecision::cpp_double_double,no,exact,160,100,-,-,-,-,-,-,-,119.6,-,-,-,-,-,-,-,no,-,-,-,-,-,-,-,-
IO,"to_string(huge, 7, scientific)",f128,"to_string(huge, 7, scientific)",io,primary,1000,boost::multiprecision::cpp_double_double,yes,exact,160,100,-,exact,160,100,-,0,0,168.85,646.425,3.8284,qdpp (dd_real),0,0,0,1.00163,yes,exact,160,100,-,0,0,169.125,1.00163
IO,"to_string(large-exp, 15, default)",f128,"to_string(large-exp, 15, default)",io,primary,1000,boost::multiprecision::cpp_double_double,yes,exact,160,100,-,exact,160,100,-,0,0,281.425,1101.12,3.91268,boost::multiprecision::cpp_double_double,0,0,0,3.91268,no,-,-,-,-,-,-,-,-
IO,"to_string(large-exp, 15, fixed)",f128,"to_string(large-exp, 15, fixed)",io,primary,1000,boost::multiprecision::cpp_double_double,yes,exact,160,100,-,exact,160,100,-,0,0,646.975,1885.7,2.91464,boost::multiprecision::cpp_double_double,0,0,0,2.91464,no,-,-,-,-,-,-,-,-
IO,"to_string(large-exp, 15, hexfloat)",f128,"to_string(large-exp, 15, hexfloat)",io,primary,1000,boost::multiprecision::cpp_double_double,no,exact,160,100,-,-,-,-,-,-,-,119.95,-,-,-,-,-,-,-,no,-,-,-,-,-,-,-,-
IO,"to_string(large-exp, 15, scientific)",f128,"to_string(large-exp, 15, scientific)",io,primary,1000,boost::multiprecision::cpp_double_double,yes,exact,160,100,-,exact,160,100,-,0,0,287.6,1107.22,3.84988,qdpp (dd_real),0,0,0,0.950017,yes,exact,160,100,-,0,0,273.225,0.950017
IO,"to_string(large-exp, 31, default)",f128,"to_string(large-exp, 31, default)",io,primary,1000,boost::multiprecision::cpp_double_double,yes,exact,160,100,-,exact,160,100,-,0,0,916.25,1251.55,1.36595,boost::multiprecision::cpp_double_double,0,0,0,1.36595,no,-,-,-,-,-,-,-,-
IO,"to_string(large-exp, 31, fixed)",f128,"to_string(large-exp, 31, fixed)",io,primary,1000,boost::multiprecision::cpp_double_double,yes,exact,160,100,-,exact,160,100,-,0,0,786.25,2187.38,2.78203,boost::multiprecision::cpp_double_double,0,0,0,2.78203,no,-,-,-,-,-,-,-,-
IO,"to_string(large-exp, 31, hexfloat)",f128,"to_string(large-exp, 31, hexfloat)",io,primary,1000,boost::multiprecision::cpp_double_double,no,exact,160,100,-,-,-,-,-,-,-,122.775,-,-,-,-,-,-,-,no,-,-,-,-,-,-,-,-
IO,"to_string(large-exp, 31, scientific)",f128,"to_string(large-exp, 31, scientific)",io,primary,1000,boost::multiprecision::cpp_double_double,yes,exact,160,100,-,exact,160,100,-,0,0,958.425,1235.05,1.28862,boost::multiprecision::cpp_double_double,0,0,0,1.28862,yes,102.855,104.703,97.534,-,exact,2.46595,450.525,0.470068
IO,"to_string(large-exp, 7, default)",f128,"to_string(large-exp, 7, default)",io,primary,1000,boost::multiprecision::cpp_double_double,yes,exact,160,100,-,exact,160,100,-,0,0,186.575,974.125,5.22109,boost::multiprecision::cpp_double_double,0,0,0,5.22109,no,-,-,-,-,-,-,-,-
IO,"to_string(large-exp, 7, fixed)",f128,"to_string(large-exp, 7, fixed)",io,primary,1000,boost::multiprecision::cpp_double_double,yes,exact,160,100,-,exact,160,100,-,0,0,584.675,1751.08,2.99495,boost::multiprecision::cpp_double_double,0,0,0,2.99495,no,-,-,-,-,-,-,-,-
IO,"to_string(large-exp, 7, hexfloat)",f128,"to_string(large-exp, 7, hexfloat)",io,primary,1000,boost::multiprecision::cpp_double_double,no,exact,160,100,-,-,-,-,-,-,-,119.175,-,-,-,-,-,-,-,no,-,-,-,-,-,-,-,-
IO,"to_string(large-exp, 7, scientific)",f128,"to_string(large-exp, 7, scientific)",io,primary,1000,boost::multiprecision::cpp_double_double,yes,exact,160,100,-,exact,160,100,-,0,0,183.225,973.275,5.31191,qdpp (dd_real),0,0,0,0.974758,yes,exact,160,100,-,0,0,178.6,0.974758
IO,"to_string(low-prec, 15, default)",f128,"to_string(low-prec, 15, default)",io,primary,1000,boost::multiprecision::cpp_double_double,yes,exact,160,100,-,exact,160,100,-,0,0,128.4,684.175,5.32847,boost::multiprecision::cpp_double_double,0,0,0,5.32847,no,-,-,-,-,-,-,-,-
IO,"to_string(low-prec, 15, fixed)",f128,"to_string(low-prec, 15, fixed)",io,primary,1000,boost::multiprecision::cpp_double_double,yes,exact,160,100,-,exact,160,100,-,0,0,80.65,520.75,6.45691,boost::multiprecision::cpp_double_double,0,0,0,6.45691,yes,exact,160,100,-,0,0,870.6,10.7948
IO,"to_string(low-prec, 15, hexfloat)",f128,"to_string(low-prec, 15, hexfloat)",io,primary,1000,boost::multiprecision::cpp_double_double,no,exact,160,100,-,-,-,-,-,-,-,103.025,-,-,-,-,-,-,-,no,-,-,-,-,-,-,-,-
IO,"to_string(low-prec, 15, scientific)",f128,"to_string(low-prec, 15, scientific)",io,primary,1000,boost::multiprecision::cpp_double_double,yes,exact,160,100,-,exact,160,100,-,0,0,256.425,715.325,2.78961,qdpp (dd_real),0,0,0,1.00058,yes,exact,160,100,-,0,0,256.575,1.00058
IO,"to_string(low-prec, 31, default)",f128,"to_string(low-prec, 31, default)",io,primary,1000,boost::multiprecision::cpp_double_double,yes,exact,160,100,-,exact,160,100,-,0,0,143.525,867.6,6.04494,boost::multiprecision::cpp_double_double,0,0,0,6.04494,no,-,-,-,-,-,-,-,-
IO,"to_string(low-prec, 31, fixed)",f128,"to_string(low-prec, 31, fixed)",io,primary,1000,boost::multiprecision::cpp_double_double,yes,exact,160,100,-,exact,160,100,-,0,0,95.525,658,6.88825,boost::multiprecision::cpp_double_double,0,0,0,6.88825,yes,107.914,147.855,100,-,exact,0,940.2,9.84245
IO,"to_string(low-prec, 31, hexfloat)",f128,"to_string(low-prec, 31, hexfloat)",io,primary,1000,boost::multiprecision::cpp_double_double,no,exact,160,100,-,-,-,-,-,-,-,105.625,-,-,-,-,-,-,-,no,-,-,-,-,-,-,-,-
IO,"to_string(low-prec, 31, scientific)",f128,"to_string(low-prec, 31, scientific)",io,primary,1000,boost::multiprecision::cpp_double_double,yes,exact,160,100,-,exact,160,100,-,0,0,575.575,933.825,1.62242,boost::multiprecision::cpp_double_double,0,0,0,1.62242,yes,103.777,154.942,99.2628,-,exact,0.737227,440.125,0.76467
IO,"to_string(low-prec, 7, default)",f128,"to_string(low-prec, 7, default)",io,primary,1000,boost::multiprecision::cpp_double_double,yes,exact,160,100,-,exact,160,100,-,0,0,112.25,541,4.8196,boost::multiprecision::cpp_double_double,0,0,0,4.8196,no,-,-,-,-,-,-,-,-
IO,"to_string(low-prec, 7, fixed)",f128,"to_string(low-prec, 7, fixed)",io,primary,1000,boost::multiprecision::cpp_double_double,yes,exact,160,100,-,exact,160,100,-,0,0,55.6,394.075,7.08768,boost::multiprecision::cpp_double_double,0,0,0,7.08768,yes,exact,160,100,-,0,0,834.3,15.0054
IO,"to_string(low-prec, 7, hexfloat)",f128,"to_string(low-prec, 7, hexfloat)",io,primary,1000,boost::multiprecision::cpp_double_double,no,exact,160,100,-,-,-,-,-,-,-,102.95,-,-,-,-,-,-,-,no,-,-,-,-,-,-,-,-
IO,"to_string(low-prec, 7, scientific)",f128,"to_string(low-prec, 7, scientific)",io,primary,1000,boost::multiprecision::cpp_double_double,yes,exact,160,100,-,exact,160,100,-,0,0,154.575,580.075,3.75271,qdpp (dd_real),0,0,0,1.04529,yes,exact,160,100,-,0,0,161.575,1.04529
IO,"to_string(small-exp, 15, default)",f128,"to_string(small-exp, 15, default)",io,primary,1000,boost::multiprecision::cpp_double_double,yes,exact,160,100,-,exact,160,100,-,0,0,285.15,1413.33,4.95643,boost::multiprecision::cpp_double_double,0,0,0,4.95643,no,-,-,-,-,-,-,-,-
IO,"to_string(small-exp, 15, fixed)",f128,"to_string(small-exp, 15, fixed)",io,primary,1000,boost::multiprecision::cpp_double_double,yes,exact,160,100,-,exact,160,100,-,0,0,68.225,468.95,6.87358,qdpp (dd_real),0,0,0,3.38732,yes,exact,160,100,-,0,0,231.1,3.38732
IO,"to_string(small-exp, 15, hexfloat)",f128,"to_string(small-exp, 15, hexfloat)",io,primary,1000,boost::multiprecision::cpp_double_double,no,exact,160,100,-,-,-,-,-,-,-,125.425,-,-,-,-,-,-,-,no,-,-,-,-,-,-,-,-
IO,"to_string(small-exp, 15, scientific)",f128,"to_string(small-exp, 15, scientific)",io,primary,1000,boost::multiprecision::cpp_double_double,yes,exact,160,100,-,exact,160,100,-,0,0,292.1,1401.15,4.79682,qdpp (dd_real),0,0,0,1.00856,yes,exact,160,100,-,0,0,294.6,1.00856
IO,"to_string(small-exp, 31, default)",f128,"to_string(small-exp, 31, default)",io,primary,1000,boost::multiprecision::cpp_double_double,yes,exact,160,100,-,exact,160,100,-,0,0,1025.22,1538,1.50016,boost::multiprecision::cpp_double_double,0,0,0,1.50016,no,-,-,-,-,-,-,-,-
IO,"to_string(small-exp, 31, fixed)",f128,"to_string(small-exp, 31, fixed)",io,primary,1000,boost::multiprecision::cpp_double_double,yes,exact,160,100,-,exact,160,100,-,0,0,84.575,495.525,5.859,qdpp (dd_real),0,0,0,2.79633,yes,exact,160,100,-,0,0,236.5,2.79633
IO,"to_string(small-exp, 31, hexfloat)",f128,"to_string(small-exp, 31, hexfloat)",io,primary,1000,boost::multiprecision::cpp_double_double,no,exact,160,100,-,-,-,-,-,-,-,119.5,-,-,-,-,-,-,-,no,-,-,-,-,-,-,-,-
IO,"to_string(small-exp, 31, scientific)",f128,"to_string(small-exp, 31, scientific)",io,primary,1000,boost::multiprecision::cpp_double_double,yes,exact,160,100,-,exact,160,100,-,0,0,1075.95,1552.58,1.44298,boost::multiprecision::cpp_double_double,0,0,0,1.44298,yes,102.774,104.999,97.5301,-,exact,2.46992,515.9,0.479483
IO,"to_string(small-exp, 7, default)",f128,"to_string(small-exp, 7, default)",io,primary,1000,boost::multiprecision::cpp_double_double,yes,exact,160,100,-,exact,160,100,-,0,0,174.125,1242.62,7.1364,boost::multiprecision::cpp_double_double,0,0,0,7.1364,no,-,-,-,-,-,-,-,-
IO,"to_string(small-exp, 7, fixed)",f128,"to_string(small-exp, 7, fixed)",io,primary,1000,boost::multiprecision::cpp_double_double,yes,exact,160,100,-,exact,160,100,-,0,0,47.475,428.725,9.03054,qdpp (dd_real),0,0,0,4.27857,yes,exact,160,100,-,0,0,203.125,4.27857
IO,"to_string(small-exp, 7, hexfloat)",f128,"to_string(small-exp, 7, hexfloat)",io,primary,1000,boost::multiprecision::cpp_double_double,no,exact,160,100,-,-,-,-,-,-,-,119.325,-,-,-,-,-,-,-,no,-,-,-,-,-,-,-,-
IO,"to_string(small-exp, 7, scientific)",f128,"to_string(small-exp, 7, scientific)",io,primary,1000,boost::multiprecision::cpp_double_double,yes,exact,160,100,-,exact,160,100,-,0,0,177.675,1231.22,6.92965,qdpp (dd_real),0,0,0,1.13944,yes,exact,160,100,-,0,0,202.45,1.13944
IO,"to_string(tiny, 15, default)",f128,"to_string(tiny, 15, default)",io,primary,1000,boost::multiprecision::cpp_double_double,yes,exact,160,100,-,exact,160,100,-,0,0,253.6,1020.23,4.02297,boost::multiprecision::cpp_double_double,0,0,0,4.02297,no,-,-,-,-,-,-,-,-
IO,"to_string(tiny, 15, fixed)",f128,"to_string(tiny, 15, fixed)",io,primary,1000,boost::multiprecision::cpp_double_double,yes,exact,160,100,-,exact,160,100,-,0,0,66.925,506.575,7.56929,qdpp (dd_real),0,0,0,3.35786,yes,exact,160,100,-,0,0,224.725,3.35786
IO,"to_string(tiny, 15, hexfloat)",f128,"to_string(tiny, 15, hexfloat)",io,primary,1000,boost::multiprecision::cpp_double_double,no,exact,160,100,-,-,-,-,-,-,-,120.95,-,-,-,-,-,-,-,no,-,-,-,-,-,-,-,-
IO,"to_string(tiny, 15, scientific)",f128,"to_string(tiny, 15, scientific)",io,primary,1000,boost::multiprecision::cpp_double_double,yes,exact,160,100,-,exact,160,100,-,0,0,262.85,1013.62,3.85629,qdpp (dd_real),0,0,0,1.068,yes,exact,160,100,-,0,0,280.725,1.068
IO,"to_string(tiny, 31, default)",f128,"to_string(tiny, 31, default)",io,primary,1000,boost::multiprecision::cpp_double_double,yes,exact,160,100,-,exact,160,100,-,0,0,781.2,1184.83,1.51667,boost::multiprecision::cpp_double_double,0,0,0,1.51667,no,-,-,-,-,-,-,-,-
IO,"to_string(tiny, 31, fixed)",f128,"to_string(tiny, 31, fixed)",io,primary,1000,boost::multiprecision::cpp_double_double,yes,exact,160,100,-,exact,160,100,-,0,0,103.275,824.35,7.98209,boost::multiprecision::cpp_double_double,0,0,0,7.98209,yes,exact,160,100,-,0,0,969.775,9.39022
IO,"to_string(tiny, 31, hexfloat)",f128,"to_string(tiny, 31, hexfloat)",io,primary,1000,boost::multiprecision::cpp_double_double,no,exact,160,100,-,-,-,-,-,-,-,118.375,-,-,-,-,-,-,-,no,-,-,-,-,-,-,-,-
IO,"to_string(tiny, 31, scientific)",f128,"to_string(tiny, 31, scientific)",io,primary,1000,boost::multiprecision::cpp_double_double,yes,exact,160,100,-,exact,160,100,-,0,0,770.6,1182.22,1.53416,boost::multiprecision::cpp_double_double,0,0,0,1.53416,yes,103.712,147.75,99.0141,-,exact,0.98587,452.1,0.586686
IO,"to_string(tiny, 7, default)",f128,"to_string(tiny, 7, default)",io,primary,1000,boost::multiprecision::cpp_double_double,yes,exact,160,100,-,exact,160,100,-,0,0,152.3,838.65,5.50657,boost::multiprecision::cpp_double_double,0,0,0,5.50657,no,-,-,-,-,-,-,-,-
IO,"to_string(tiny, 7, fixed)",f128,"to_string(tiny, 7, fixed)",io,primary,1000,boost::multiprecision::cpp_double_double,yes,exact,160,100,-,exact,160,100,-,0,0,48.6,428.1,8.80864,qdpp (dd_real),0,0,0,4.02418,yes,exact,160,100,-,0,0,195.575,4.02418
IO,"to_string(tiny, 7, hexfloat)",f128,"to_string(tiny, 7, hexfloat)",io,primary,1000,boost::multiprecision::cpp_double_double,no,exact,160,100,-,-,-,-,-,-,-,117.9,-,-,-,-,-,-,-,no,-,-,-,-,-,-,-,-
IO,"to_string(tiny, 7, scientific)",f128,"to_string(tiny, 7, scientific)",io,primary,1000,boost::multiprecision::cpp_double_double,yes,exact,160,100,-,exact,160,100,-,0,0,163.175,847.375,5.19304,qdpp (dd_real),0,0,0,1.36341,yes,exact,160,100,-,0,0,222.475,1.36341
IO,to_string (average),f128,to_string (average),io,primary,5000,boost::multiprecision::cpp_double_double,yes,2.88278,156.876,55.8487,-,0,155.424,48.57,-,2.88278,7.27869,268.7,896.89,3.33789,qdpp (dd_real),1.19967,2.88278,-5.21903,2.0348,yes,0,155.676,61.0677,-,2.88278,-5.21903,546.75,2.0348
IO,"parse(big-dec, fixed)",f128,"parse(big-dec, fixed)",io,primary,1000,boost::multiprecision::cpp_double_double,yes,106.032,107.972,100,-,106.032,107.972,100,-,0,0,414.85,1340.2,3.23057,boost::multiprecision::cpp_double_double,0,0,0,3.23057,yes,103.868,106.965,99.082,-,2.16392,0.917978,303.125,0.730686
IO,"parse(big-dec, hexfloat)",f128,"parse(big-dec, hexfloat)",io,primary,1000,boost::multiprecision::cpp_double_double,no,107.03,114.738,100,-,-,-,-,-,-,-,731.525,-,-,-,-,-,-,-,no,-,-,-,-,-,-,-,-
IO,"parse(big-dec, scientific)",f128,"parse(big-dec, scientific)",io,primary,1000,boost::multiprecision::cpp_double_double,yes,106.082,107.966,100,-,106.082,107.966,100,-,0,0,412.55,1330.55,3.22518,boost::multiprecision::cpp_double_double,0,0,0,3.22518,yes,103.73,107.058,99.0629,-,2.35211,0.937087,311.525,0.755121
IO,"parse(high-prec, fixed)",f128,"parse(high-prec, fixed)",io,primary,1000,boost::multiprecision::cpp_double_double,yes,106.02,107.929,100,-,106.02,107.929,100,-,0,0,468.625,2180.3,4.65255,boost::multiprecision::cpp_double_double,0,0,0,4.65255,yes,104.079,107.054,99.1677,-,1.94158,0.832309,340.2,0.725954
IO,"parse(high-prec, hexfloat)",f128,"parse(high-prec, hexfloat)",io,primary,1000,boost::multiprecision::cpp_double_double,no,107.062,113.814,100,-,-,-,-,-,-,-,738.3,-,-,-,-,-,-,-,no,-,-,-,-,-,-,-,-
IO,"parse(high-prec, scientific)",f128,"parse(high-prec, scientific)",io,primary,1000,boost::multiprecision::cpp_double_double,yes,106.064,107.852,100,-,106.064,107.852,100,-,0,0,422.75,1398.3,3.30763,boost::multiprecision::cpp_double_double,0,0,0,3.30763,yes,103.866,106.885,98.9936,-,2.19865,1.00642,300.05,0.709758
IO,"parse(huge, fixed)",f128,"parse(huge, fixed)",io,primary,1000,boost::multiprecision::cpp_double_double,yes,exact,160,100,-,exact,160,100,-,0,0,112.35,701.8,6.24655,qdpp (dd_real),0,0,0,1.58211,yes,exact,160,100,-,0,0,177.75,1.58211
IO,"parse(huge, hexfloat)",f128,"parse(huge, hexfloat)",io,primary,1000,boost::multiprecision::cpp_double_double,no,107.045,114.967,100,-,-,-,-,-,-,-,736.375,-,-,-,-,-,-,-,no,-,-,-,-,-,-,-,-
IO,"parse(huge, scientific)",f128,"parse(huge, scientific)",io,primary,1000,boost::multiprecision::cpp_double_double,yes,106.054,108.744,100,-,106.054,108.744,100,-,0,0,415.15,1216.7,2.93075,boost::multiprecision::cpp_double_double,0,0,0,2.93075,yes,104.236,107.873,99.206,-,1.81722,0.794047,296,0.712995
IO,"parse(large-exp, fixed)",f128,"parse(large-exp, fixed)",io,primary,1000,boost::multiprecision::cpp_double_double,yes,106.007,108.021,100,-,106.007,108.021,100,-,0,0,464.9,2546.97,5.47854,boost::multiprecision::cpp_double_double,0,0,0,5.47854,yes,102.478,105.061,97.8533,-,3.52921,2.14671,932.25,2.00527
IO,"parse(large-exp, hexfloat)",f128,"parse(large-exp, hexfloat)",io,primary,1000,boost::multiprecision::cpp_double_double,no,107.054,114.607,100,-,-,-,-,-,-,-,734.3,-,-,-,-,-,-,-,no,-,-,-,-,-,-,-,-
IO,"parse(large-exp, scientific)",f128,"parse(large-exp, scientific)",io,primary,1000,boost::multiprecision::cpp_double_double,yes,106.087,107.954,100,-,106.087,107.954,100,-,0,0,279.4,1381.05,4.94291,boost::multiprecision::cpp_double_double,0,0,0,4.94291,yes,102.948,104.549,97.9489,-,3.13965,2.05111,278.075,0.995258
IO,"parse(long-med, fixed)",f128,"parse(long-med, fixed)",io,primary,1000,boost::multiprecision::cpp_double_double,yes,106.021,107.914,100,-,106.021,107.914,100,-,0,0,330.85,1178.88,3.56317,boost::multiprecision::cpp_double_double,0,0,0,3.56317,yes,104.219,107.635,99.3086,-,1.80186,0.691419,254.075,0.767946
IO,"parse(low-prec, fixed)",f128,"parse(low-prec, fixed)",io,primary,1000,boost::multiprecision::cpp_double_double,yes,exact,160,100,-,exact,160,100,-,0,0,42.35,431.35,10.1854,qdpp (dd_real),0,0,0,1.32054,yes,exact,160,100,-,0,0,55.925,1.32054
IO,"parse(low-prec, hexfloat)",f128,"parse(low-prec, hexfloat)",io,primary,1000,boost::multiprecision::cpp_double_double,no,exact,160,100,-,-,-,-,-,-,-,107.3,-,-,-,-,-,-,-,no,-,-,-,-,-,-,-,-
IO,"parse(low-prec, scientific)",f128,"parse(low-prec, scientific)",io,primary,1000,boost::multiprecision::cpp_double_double,yes,106.08,124.275,100,-,106.08,124.275,100,-,0,0,65.575,581.225,8.86352,qdpp (dd_real),-0.362449,0.74794,0.263448,1.00419,yes,105.332,124.637,99.7366,-,0.74794,0.263448,65.85,1.00419
IO,"parse(med-boundary, default)",f128,"parse(med-boundary, default)",io,primary,1000,boost::multiprecision::cpp_double_double,yes,106.088,134.844,100,-,106.088,134.844,100,-,0,0,166.675,813.225,4.87911,qdpp (dd_real),-0.0944369,1.79712,0.575147,0.903105,yes,104.29,134.938,99.4249,-,1.79712,0.575147,150.525,0.903105
IO,"parse(med-neg, fixed)",f128,"parse(med-neg, fixed)",io,primary,1000,boost::multiprecision::cpp_double_double,yes,106.096,107.996,100,-,106.096,107.996,100,-,0,0,328.35,1177.92,3.58741,boost::multiprecision::cpp_double_double,0,0,0,3.58741,yes,104.545,107.636,99.3785,-,1.55031,0.621547,255.2,0.777219
IO,"parse(med-neg, scientific)",f128,"parse(med-neg, scientific)",io,primary,1000,boost::multiprecision::cpp_double_double,yes,106.019,108.018,100,-,106.019,108.018,100,-,0,0,316.9,1145.55,3.61486,boost::multiprecision::cpp_double_double,0,0,0,3.61486,yes,104.561,107.749,99.4217,-,1.45817,0.578268,222.775,0.702982
IO,"parse(med-pos, fixed)",f128,"parse(med-pos, fixed)",io,primary,1000,boost::multiprecision::cpp_double_double,yes,106.036,107.913,100,-,106.036,107.913,100,-,0,0,289.575,1081.2,3.73375,boost::multiprecision::cpp_double_double,0,0,0,3.73375,yes,104.445,107.877,99.4292,-,1.5908,0.570822,221.55,0.765087
IO,"parse(med-pos, scientific)",f128,"parse(med-pos, scientific)",io,primary,1000,boost::multiprecision::cpp_double_double,yes,106.061,107.944,100,-,106.061,107.944,100,-,0,0,285.675,1750.42,6.12733,boost::multiprecision::cpp_double_double,0,0,0,6.12733,yes,104.668,107.864,99.4504,-,1.39312,0.549562,227.625,0.796797
IO,"parse(rand_prec, default, brute-huge)",f128,"parse(rand_prec, default, brute-huge)",io,primary,1000,boost::multiprecision::cpp_double_double,yes,74.5117,108.024,100,-,-0,107.769,79.85,-,74.5117,20.15,368.75,1197.35,3.24705,boost::multiprecision::cpp_double_double,0.255289,74.5117,20.15,3.24705,yes,0,103.779,77.8304,-,74.5117,22.1696,157.475,0.427051
IO,"parse(rand_prec, default, brute-med)",f128,"parse(rand_prec, default, brute-med)",io,primary,1000,boost::multiprecision::cpp_double_double,yes,106.057,113.519,100,-,106.057,113.519,100,-,0,0,203.85,931.625,4.57015,qdpp (dd_real),-0.148497,1.34299,0.518697,0.76625,yes,104.714,113.668,99.4813,-,1.34299,0.518697,156.2,0.76625
IO,"parse(rand_prec, default, brute-tiny)",f128,"parse(rand_prec, default, brute-tiny)",io,primary,1000,boost::multiprecision::cpp_double_double,yes,106.071,110.921,100,-,106.071,110.921,100,-,0,0,221.5,918.925,4.14865,qdpp (dd_real),-0.233838,1.67139,0.54746,0.696501,yes,104.4,111.155,99.4525,-,1.67139,0.54746,154.275,0.696501
IO,"parse(rand_prec, fixed, brute-huge)",f128,"parse(rand_prec, fixed, brute-huge)",io,primary,1000,boost::multiprecision::cpp_double_double,yes,106.04,108.272,100,-,106.04,108.272,100,-,0,0,534.925,2217.9,4.14619,boost::multiprecision::cpp_double_double,0,0,0,4.14619,yes,-0,54.304,25.3912,-,106.04,74.6088,684.9,1.28037
IO,"parse(rand_prec, fixed, brute-med)",f128,"parse(rand_prec, fixed, brute-med)",io,primary,1000,boost::multiprecision::cpp_double_double,yes,106.051,108.412,100,-,106.051,108.412,100,-,0,0,258.4,1037.62,4.01558,qdpp (dd_real),-0.12527,1.38413,0.513863,0.793247,yes,104.667,108.538,99.4861,-,1.38413,0.513863,204.975,0.793247
IO,"parse(rand_prec, fixed, brute-tiny)",f128,"parse(rand_prec, fixed, brute-tiny)",io,primary,1000,boost::multiprecision::cpp_double_double,yes,106.051,107.94,100,-,106.051,107.94,100,-,0,0,274.325,1056.9,3.85273,qdpp (dd_real),-0.214695,1.47721,0.562045,0.683587,yes,104.574,108.155,99.438,-,1.47721,0.562045,187.525,0.683587
IO,"parse(rand_prec, hexfloat, brute-huge)",f128,"parse(rand_prec, hexfloat, brute-huge)",io,primary,1000,boost::multiprecision::cpp_double_double,no,exact,160,100,-,-,-,-,-,-,-,196.95,-,-,-,-,-,-,-,no,-,-,-,-,-,-,-,-
IO,"parse(rand_prec, hexfloat, brute-med)",f128,"parse(rand_prec, hexfloat, brute-med)",io,primary,1000,boost::multiprecision::cpp_double_double,no,exact,160,100,-,-,-,-,-,-,-,191.875,-,-,-,-,-,-,-,no,-,-,-,-,-,-,-,-
IO,"parse(rand_prec, hexfloat, brute-tiny)",f128,"parse(rand_prec, hexfloat, brute-tiny)",io,primary,1000,boost::multiprecision::cpp_double_double,no,exact,160,100,-,-,-,-,-,-,-,178.4,-,-,-,-,-,-,-,no,-,-,-,-,-,-,-,-
IO,"parse(rand_prec, scientific, brute-huge)",f128,"parse(rand_prec, scientific, brute-huge)",io,primary,1000,boost::multiprecision::cpp_double_double,yes,106.032,108.207,100,-,106.032,108.207,100,-,0,0,381.25,1254.25,3.28984,boost::multiprecision::cpp_double_double,0,0,0,3.28984,yes,0,104.118,77.9069,-,106.032,22.0931,193.125,0.506557
IO,"parse(rand_prec, scientific, brute-med)",f128,"parse(rand_prec, scientific, brute-med)",io,primary,1000,boost::multiprecision::cpp_double_double,yes,106.01,108.438,100,-,106.01,108.438,100,-,0,0,257.075,1044.78,4.06409,qdpp (dd_real),-0.131736,1.65359,0.604651,0.748711,yes,104.356,108.57,99.3953,-,1.65359,0.604651,192.475,0.748711
IO,"parse(rand_prec, scientific, brute-tiny)",f128,"parse(rand_prec, scientific, brute-tiny)",io,primary,1000,boost::multiprecision::cpp_double_double,yes,106.013,108.211,100,-,106.013,108.211,100,-,0,0,263.65,1017.88,3.86071,qdpp (dd_real),-0.154027,1.4871,0.554935,0.691352,yes,104.526,108.365,99.4451,-,1.4871,0.554935,182.275,0.691352
IO,"parse(short-med, fixed)",f128,"parse(short-med, fixed)",io,primary,1000,boost::multiprecision::cpp_double_double,yes,106.054,127.918,100,-,106.054,127.918,100,-,0,0,61.425,581.05,9.4595,qdpp (dd_real),-0.313793,0.717399,0.213328,1.22263,yes,105.336,128.232,99.7867,-,0.717399,0.213328,75.1,1.22263
IO,"parse(small-exp, fixed)",f128,"parse(small-exp, fixed)",io,primary,1000,boost::multiprecision::cpp_double_double,yes,106.064,107.906,100,-,106.064,107.906,100,-,0,0,614.025,2343.53,3.81666,boost::multiprecision::cpp_double_double,0,0,0,3.81666,yes,-0,0,0,-,106.064,100,368.925,0.600831
IO,"parse(small-exp, hexfloat)",f128,"parse(small-exp, hexfloat)",io,primary,1000,boost::multiprecision::cpp_double_double,no,107.107,114.662,100,-,-,-,-,-,-,-,791.35,-,-,-,-,-,-,-,no,-,-,-,-,-,-,-,-
IO,"parse(small-exp, scientific)",f128,"parse(small-exp, scientific)",io,primary,1000,boost::multiprecision::cpp_double_double,yes,106.023,107.957,100,-,106.023,107.957,100,-,0,0,613.525,1599.08,2.60637,boost::multiprecision::cpp_double_double,0,0,0,2.60637,yes,102.526,103.442,97.2092,-,3.49694,2.79083,317.775,0.51795
IO,"parse(tiny, fixed)",f128,"parse(tiny, fixed)",io,primary,1000,boost::multiprecision::cpp_double_double,yes,106.028,107.974,100,-,106.028,107.974,100,-,0,0,378.7,1455.6,3.84368,boost::multiprecision::cpp_double_double,0,0,0,3.84368,yes,47.1477,60.7453,51.135,-,58.8807,48.865,318.5,0.841035
IO,"parse(tiny, hexfloat)",f128,"parse(tiny, hexfloat)",io,primary,1000,boost::multiprecision::cpp_double_double,no,107.05,114.455,100,-,-,-,-,-,-,-,756.25,-,-,-,-,-,-,-,no,-,-,-,-,-,-,-,-
IO,"parse(tiny, scientific)",f128,"parse(tiny, scientific)",io,primary,1000,boost::multiprecision::cpp_double_double,yes,106.058,107.961,100,-,106.058,107.961,100,-,0,0,437.525,1416.2,3.23684,boost::multiprecision::cpp_double_double,0,0,0,3.23684,yes,103.635,106.917,98.9884,-,2.42267,1.01162,307.5,0.702817
IO,parse (average),f128,parse (average),io,primary,9000,boost::multiprecision::cpp_double_double,yes,102.537,109.105,100,-,94.2583,109.077,97.7611,-,8.27908,2.23889,307.081,1186.36,3.86335,boost::multiprecision::cpp_double_double,0.0283655,8.27908,2.23889,3.86335,yes,69.6929,102.294,86.4252,-,32.8445,13.5748,234.803,0.764629
Rounding,floor,f128,floor,primary,primary,415,boost::multiprecision::cpp_double_double,yes,exact,160,100,Yes,exact,160,79.904,No,0,20.096,4.30481,6.38867,1.48408,qdpp (dd_real),0,0,0,1.00765,yes,exact,160,100,No,0,0,4.33775,1.00765
Rounding,ceil,f128,ceil,primary,primary,415,boost::multiprecision::cpp_double_double,yes,exact,160,100,Yes,exact,160,79.904,No,0,20.096,4.35146,7.98723,1.83553,qdpp (dd_real),0,0,0,0.987335,yes,exact,160,100,No,0,0,4.29635,0.987335
Rounding,trunc,f128,trunc,primary,primary,415,boost::multiprecision::cpp_double_double,yes,exact,160,100,Yes,exact,160,100,No,0,0,4.27194,8.74798,2.04777,qdpp (dd_real),0,0,0,1.00355,yes,exact,160,100,No,0,0,4.28711,1.00355
Rounding,round,f128,round,primary,primary,415,boost::multiprecision::cpp_double_double,yes,exact,160,100,Yes,exact,160,100,No,0,0,4.28866,14.1536,3.30023,boost::multiprecision::cpp_double_double,0,0,0,3.30023,yes,15.7075,142.955,79.7623,No,exact,20.2377,4.3235,1.00812
Rounding,nearbyint,f128,nearbyint,primary,primary,415,boost::multiprecision::cpp_double_double,yes,exact,160,100,Yes,exact,160,79.8628,No,0,20.1372,4.29582,14.2175,3.30962,boost::multiprecision::cpp_double_double,0,0,20.1372,3.30962,yes,15.7075,142.955,79.6251,No,exact,20.3749,4.27673,0.995557
Rounding,rint,f128,rint,primary,primary,415,boost::multiprecision::cpp_double_double,yes,exact,160,100,Yes,exact,160,79.8628,No,0,20.1372,4.23527,14.2009,3.35301,boost::multiprecision::cpp_double_double,0,0,20.1372,3.35301,yes,15.7075,142.955,79.6197,No,exact,20.3803,4.31299,1.01835
Rounding,lround,f128,lround,primary,primary,415,boost::multiprecision::cpp_double_double,yes,exact,160,100,-,exact,160,100,-,0,0,3.37912,28.5816,8.45828,boost::multiprecision::cpp_double_double,0,0,0,8.45828,no,-,-,-,-,-,-,-,-
Rounding,llround,f128,llround,primary,primary,415,boost::multiprecision::cpp_double_double,yes,exact,160,100,-,exact,160,100,-,0,0,3.49727,445.364,127.346,boost::multiprecision::cpp_double_double,0,0,0,127.346,no,-,-,-,-,-,-,-,-
Rounding,lrint,f128,lrint,primary,primary,415,boost::multiprecision::cpp_double_double,yes,exact,160,100,-,exact,160,79.8543,-,0,20.1457,3.41108,28.3164,8.30129,boost::multiprecision::cpp_double_double,0,0,20.1457,8.30129,no,-,-,-,-,-,-,-,-
Rounding,llrint,f128,llrint,primary,primary,415,boost::multiprecision::cpp_double_double,yes,exact,160,100,-,exact,160,79.8543,-,0,20.1457,3.44831,435.661,126.34,boost::multiprecision::cpp_double_double,0,0,20.1457,126.34,no,-,-,-,-,-,-,-,-
Remainders,fmod,f128,fmod,primary,primary,414,boost::multiprecision::cpp_double_double,yes,107,158.711,98.3065,Yes,-16.5969,65.757,22.305,No,123.597,76.0015,16.1106,51.1613,3.17562,qdpp (dd_real),31.1714,40.6673,66.0606,1.29863,yes,66.3331,127.54,32.2458,No,40.6673,66.0606,20.9217,1.29863
Remainders,remainder,f128,remainder,primary,primary,414,boost::multiprecision::cpp_double_double,yes,101.822,158.573,97.8127,Yes,66.0391,127.204,32.65,No,35.7832,65.1627,16.4904,51.2441,3.10751,qdpp (dd_real),31.3687,35.7832,65.169,1.32248,yes,66.0391,127.204,32.6437,No,35.7832,65.169,21.8083,1.32248
Remainders,remquo,f128,remquo,primary,primary,414,boost::multiprecision::cpp_double_double,yes,101.822,158.573,97.3488,Yes,66.0391,127.204,32.0594,No,35.7832,65.2893,17.0154,51.0595,3.00078,boost::multiprecision::cpp_double_double,31.3687,35.7832,65.2893,3.00078,no,-,-,-,-,-,-,-,-
Floating-point utilities,abs,f128,fabs,primary,primary,418,boost::multiprecision::cpp_double_double,yes,exact,160,100,Yes,exact,160,100,Yes,0,0,4.27362,5.3472,1.25121,qdpp (dd_real),0,0,0,0.995821,yes,exact,160,100,No,0,0,4.25576,0.995821
Floating-point utilities,fma,f128,fma,primary,primary,412,boost::multiprecision::cpp_double_double,yes,93.9474,110.841,99.9626,Yes,93.9474,110.773,99.9047,Yes,0,0.0578323,4.27142,13.0618,3.05795,boost::multiprecision::cpp_double_double,0.0677507,0,0.0578323,3.05795,no,-,-,-,-,-,-,-,-
Floating-point utilities,fmin,f128,fmin,primary,primary,414,boost::multiprecision::cpp_double_double,yes,exact,160,100,Yes,exact,160,100,No,0,0,4.23161,7.00526,1.65546,boost::multiprecision::cpp_double_double,0,0,0,1.65546,no,-,-,-,-,-,-,-,-
Floating-point utilities,fmax,f128,fmax,primary,primary,414,boost::multiprecision::cpp_double_double,yes,exact,160,100,Yes,exact,160,100,Yes,0,0,4.23921,6.92701,1.63404,boost::multiprecision::cpp_double_double,0,0,0,1.63404,no,-,-,-,-,-,-,-,-
Floating-point utilities,fdim,f128,fdim,primary,primary,414,boost::multiprecision::cpp_double_double,yes,106.233,149.192,100,Yes,106.233,149.192,100,No,0,0,4.21389,9.69721,2.30125,boost::multiprecision::cpp_double_double,0,0,0,2.30125,no,-,-,-,-,-,-,-,-
Floating-point utilities,copysign,f128,copysign,primary,primary,414,boost::multiprecision::cpp_double_double,yes,exact,160,100,Yes,exact,160,79.9253,Yes,0,20.0747,4.27605,4.21351,0.985373,boost::multiprecision::cpp_double_double,0,0,20.0747,0.985373,no,-,-,-,-,-,-,-,-
Floating-point utilities,ldexp,f128,ldexp,primary,primary,414,boost::multiprecision::cpp_double_double,yes,exact,160,100,Yes,exact,160,89.2395,No,0,10.7605,4.25548,4.39889,1.0337,qdpp (dd_real),0,0,0,1.04275,yes,exact,160,100,Yes,0,0,4.43738,1.04275
Floating-point utilities,scalbn,f128,scalbn,primary,primary,414,boost::multiprecision::cpp_double_double,yes,exact,160,100,Yes,exact,160,89.2395,No,0,10.7605,4.25906,4.38125,1.02869,qdpp (dd_real),0,0,0,1.03904,yes,exact,160,100,Yes,0,0,4.42535,1.03904
Floating-point utilities,scalbln,f128,scalbln,primary,primary,414,boost::multiprecision::cpp_double_double,yes,exact,160,100,Yes,exact,160,89.2395,No,0,10.7605,4.26725,4.372,1.02455,qdpp (dd_real),0,0,0,1.0381,yes,exact,160,100,Yes,0,0,4.42985,1.0381
Floating-point utilities,frexp,f128,frexp,primary,primary,418,boost::multiprecision::cpp_double_double,yes,exact,160,100,Yes,exact,160,100,No,0,0,6.474,6.56094,1.01343,boost::multiprecision::cpp_double_double,0,0,0,1.01343,no,-,-,-,-,-,-,-,-
Floating-point utilities,modf,f128,modf,primary,primary,415,boost::multiprecision::cpp_double_double,yes,exact,160,100,Yes,exact,160,100,No,0,0,5.46149,14.838,2.71684,boost::multiprecision::cpp_double_double,0,0,0,2.71684,no,-,-,-,-,-,-,-,-
Floating-point utilities,ilogb,f128,ilogb,primary,primary,414,boost::multiprecision::cpp_double_double,yes,exact,160,100,Yes,exact,160,49.9255,Yes,0,50.0745,3.49388,5.25142,1.50303,boost::multiprecision::cpp_double_double,0,0,50.0745,1.50303,no,-,-,-,-,-,-,-,-
Floating-point utilities,logb,f128,logb,primary,primary,414,boost::multiprecision::cpp_double_double,yes,exact,160,79.9467,Yes,exact,160,49.5271,Yes,0,30.4196,4.28055,83.8244,19.5826,boost::multiprecision::cpp_double_double,0,0,30.4196,19.5826,no,-,-,-,-,-,-,-,-
Floating-point utilities,nextafter,f128,nextafter,primary,primary,417,boost::multiprecision::cpp_double_double,yes,106.014,135.853,100,Yes,105.003,133.163,99.4196,No,1.01064,0.5804,4.28272,72.5932,16.9503,boost::multiprecision::cpp_double_double,2.69065,1.01064,0.5804,16.9503,no,-,-,-,-,-,-,-,-
Floating-point utilities,nexttoward(type),f128,nexttoward,primary,primary,417,boost::multiprecision::cpp_double_double,yes,106.014,135.853,100,Yes,105.003,133.163,99.4182,No,1.01064,0.581766,4.29112,72.5453,16.9059,boost::multiprecision::cpp_double_double,2.69065,1.01064,0.581766,16.9059,no,-,-,-,-,-,-,-,-
Roots & powers,sqrt,f128,sqrt,primary,primary,414,boost::multiprecision::cpp_double_double,yes,105.224,118.981,99.929,Yes,105.224,118.981,99.929,No,0,0,5.47441,7.58979,1.38641,qdpp (dd_real),1.32543,1.36249,0.898408,1.00154,yes,103.861,117.655,99.0306,No,1.36249,0.898408,5.48286,1.00154
Roots & powers,cbrt,f128,cbrt,primary,primary,418,boost::multiprecision::cpp_double_double,yes,103.435,115.551,98.9847,Yes,105.08,115.66,99.5339,No,-1.64497,-0.549128,22.9363,440.732,19.2155,qdpp (dd_real),5.63741,7.31235,25.0038,2.9959,yes,96.1229,109.914,73.9809,No,7.31235,25.0038,68.715,2.9959
Roots & powers,hypot,f128,hypot,primary,primary,413,boost::multiprecision::cpp_double_double,yes,105.431,128.776,99.9477,Yes,104.326,128.782,99.7539,Yes,1.10502,0.193852,7.26337,65.7357,9.0503,boost::multiprecision::cpp_double_double,-0.00666498,1.10502,0.193852,9.0503,no,-,-,-,-,-,-,-,-
Roots & powers,pow,f128,pow,primary,primary,414,boost::multiprecision::cpp_double_double,yes,99.1293,114.524,94.6106,Yes,93.7216,110.706,75.9346,No,5.40769,18.6761,225.67,818.654,3.62766,qdpp (dd_real),0.412412,0.757809,3.06267,1.1261,yes,98.3715,114.112,91.548,No,0.757809,3.06267,254.126,1.1261
Exponentials,exp,f128,exp,primary,primary,414,boost::multiprecision::cpp_double_double,yes,104.359,121.009,99.1216,Yes,99.9802,116.772,93.9461,Yes,4.37907,5.17548,94.7816,379.104,3.99976,qdpp (dd_real),0.0965179,0.29258,9.54777,1.11897,yes,104.067,120.912,89.5738,Yes,0.29258,9.54777,106.058,1.11897
Exponentials,exp2,f128,exp2,primary,primary,414,boost::multiprecision::cpp_double_double,yes,105.471,141.588,99.8769,Yes,98.7852,134.504,75.7888,Yes,6.68533,24.0881,96.0773,835.408,8.69517,boost::multiprecision::cpp_double_double,7.08391,6.68533,24.0881,8.69517,no,-,-,-,-,-,-,-,-
Exponentials,expm1,f128,expm1,primary,primary,414,boost::multiprecision::cpp_double_double,yes,104.909,109.264,99.167,Yes,100.389,106.777,94.021,No,4.52015,5.14603,98.0354,394.447,4.02352,qdpp (dd_real),0.517223,104.909,19.8529,1.09715,yes,-0,108.747,79.3141,No,104.909,19.8529,107.56,1.09715
Logarithms,log,f128,log,primary,primary,414,boost::multiprecision::cpp_double_double,yes,105.306,108.649,99.6326,Yes,101.707,106.836,78.9353,Yes,3.59907,20.6974,113.514,414.856,3.65469,qdpp (dd_real),2.3709,3.16836,23.435,1.14957,yes,102.137,106.278,76.1976,No,3.16836,23.435,130.492,1.14957
Logarithms,log2,f128,log2,primary,primary,414,boost::multiprecision::cpp_double_double,yes,104.896,108.201,99.3817,Yes,101.187,106.822,78.8708,Yes,3.70878,20.5109,118.123,430.581,3.64519,boost::multiprecision::cpp_double_double,1.37905,3.70878,20.5109,3.64519,no,-,-,-,-,-,-,-,-
Logarithms,log10,f128,log10,primary,primary,414,boost::multiprecision::cpp_double_double,yes,104.732,108.053,99.3968,Yes,102.553,103.8,77.9661,Yes,2.17924,21.4307,119.001,424.481,3.56703,qdpp (dd_real),2.13345,2.61221,23.2338,1.27069,yes,102.12,105.92,76.1629,No,2.61221,23.2338,151.214,1.27069
Logarithms,log1p,f128,log1p,primary,primary,414,boost::multiprecision::cpp_double_double,yes,105.327,108.853,99.7976,Yes,100.817,105.696,98.4515,No,4.51024,1.34614,121.622,517.155,4.25215,qdpp (dd_real),1.21692,104.327,22.2621,1.08091,yes,1,107.636,77.5355,No,104.327,22.2621,131.463,1.08091
Trigonometric,sin,f128,sin,primary,primary,421,boost::multiprecision::cpp_double_double,yes,106.2,110.332,100,Yes,90.1568,94.0443,89.2911,No,16.0436,10.7089,87.7048,661.755,7.54526,qdpp (dd_real),14.6841,15.4546,26.27,1.39898,yes,90.7458,95.6475,73.73,No,15.4546,26.27,122.697,1.39898
Trigonometric,cos,f128,cos,primary,primary,421,boost::multiprecision::cpp_double_double,yes,106.434,110.27,99.8776,Yes,89.9031,93.952,89.3328,Yes,16.5311,10.5448,84.3528,658.433,7.80571,qdpp (dd_real),14.6524,15.6884,26.1279,1.43871,yes,90.7458,95.6178,73.7497,Yes,15.6884,26.1279,121.359,1.43871
Trigonometric,tan,f128,tan,primary,primary,415,boost::multiprecision::cpp_double_double,yes,104.128,108.03,99.1884,Yes,78.8778,91.4901,81.738,No,25.2503,17.4504,91.0119,1357.21,14.9124,qdpp (dd_real),14.7506,23.0002,26.5896,1.73925,yes,81.1278,93.2789,72.5988,No,23.0002,26.5896,158.293,1.73925
Trigonometric,asin,f128,asin,primary,primary,414,boost::multiprecision::cpp_double_double,yes,105.275,109.563,99.8408,Yes,103.948,108.017,99.0368,No,1.32691,0.804039,158.946,2283.54,14.3667,qdpp (dd_real),1.47852,1.47974,0.80451,1.56688,yes,103.795,108.085,99.0363,No,1.47974,0.80451,249.05,1.56688
Trigonometric,acos,f128,acos,primary,primary,414,boost::multiprecision::cpp_double_double,yes,105.658,108.944,99.776,Yes,104.571,107.213,99.092,Yes,1.08713,0.68402,166.793,2240.49,13.4328,qdpp (dd_real),0.524352,2.11431,0.586207,1.48758,yes,103.544,108.42,99.1898,No,2.11431,0.586207,248.118,1.48758
Trigonometric,atan,f128,atan,primary,primary,418,boost::multiprecision::cpp_double_double,yes,106.045,135.884,99.9649,Yes,105.421,134.875,99.7866,No,0.623616,0.178272,113.5,394.377,3.47468,qdpp (dd_real),0.237141,1.47115,59.7156,1.66574,yes,104.574,135.647,40.2493,No,1.47115,59.7156,189.062,1.66574
Trigonometric,atan2,f128,atan2,primary,primary,414,boost::multiprecision::cpp_double_double,yes,106.155,115.698,99.9973,Yes,104.95,113.842,46.0598,No,1.20486,53.9375,131.227,2098.06,15.9879,qdpp (dd_real),0.986799,2.71047,69.8163,1.48873,yes,103.444,114.712,30.181,No,2.71047,69.8163,195.363,1.48873
Hyperbolic,sinh,f128,sinh,primary,primary,414,boost::multiprecision::cpp_double_double,yes,104.326,107.999,99.0357,Yes,99.5015,104.577,46.8409,No,4.82437,52.1948,105.959,384.493,3.6287,qdpp (dd_real),0.164433,0.049225,12.5976,1.25815,yes,104.277,107.834,86.438,No,0.049225,12.5976,133.312,1.25815
Hyperbolic,cosh,f128,cosh,primary,primary,414,boost::multiprecision::cpp_double_double,yes,104.383,107.703,99.0167,Yes,99.5015,103.991,46.6685,Yes,4.88119,52.3482,102.72,393.197,3.82787,qdpp (dd_real),0.0711854,-0.130505,9.33298,1.28977,yes,104.513,107.632,89.6837,No,-0.130505,9.33298,132.484,1.28977
Hyperbolic,tanh,f128,tanh,primary,primary,414,boost::multiprecision::cpp_double_double,yes,105.408,115.06,99.9866,Yes,102.522,108.342,98.7604,No,2.88574,1.22619,109.07,466.011,4.2726,qdpp (dd_real),-0.639631,-0.921764,9.7662,1.24722,yes,106.329,115.7,90.2204,No,-0.921764,9.7662,136.033,1.24722
Inverse hyperbolic,asinh,f128,asinh,primary,primary,414,boost::multiprecision::cpp_double_double,yes,105.05,114.585,99.7457,Yes,102.482,113.317,98.3059,No,2.56753,1.43981,126.18,577.441,4.57634,qdpp (dd_real),0.971653,104.05,59.8053,1.27541,yes,1,113.613,39.9404,No,104.05,59.8053,160.93,1.27541
Inverse hyperbolic,acosh,f128,acosh,primary,primary,414,boost::multiprecision::cpp_double_double,yes,105.179,112.072,99.7474,Yes,101.473,110.698,98.5174,Yes,3.70583,1.22996,126.813,525.472,4.14368,qdpp (dd_real),1.64632,104.179,86.8038,1.22978,yes,1,110.426,12.9436,No,104.179,86.8038,155.952,1.22978
Inverse hyperbolic,atanh,f128,atanh,primary,primary,414,boost::multiprecision::cpp_double_double,yes,105.224,122.359,99.5976,Yes,102.253,120.859,97.9574,No,2.97108,1.64013,102.963,1696.18,16.4737,qdpp (dd_real),1.65336,103.224,19.4632,1.52264,yes,2,120.706,80.1343,No,103.224,19.4632,156.775,1.52264
Special functions,erfc,f128,erfc,primary,primary,414,boost::multiprecision::cpp_double_double,yes,104.462,116.066,99.8075,Yes,103.203,116.159,99.6186,Yes,1.25926,0.188846,844.691,1199.79,1.42038,boost::multiprecision::cpp_double_double,-0.0927611,1.25926,0.188846,1.42038,no,-,-,-,-,-,-,-,-
Special functions,erf,f128,erf,primary,primary,414,boost::multiprecision::cpp_double_double,yes,104.462,110.041,99.8071,Yes,103.203,109.971,99.6181,No,1.25926,0.189028,849.016,1218.8,1.43555,boost::multiprecision::cpp_double_double,0.0697658,1.25926,0.189028,1.43555,no,-,-,-,-,-,-,-,-
Special functions,tgamma,f128,tgamma,primary,primary,414,boost::multiprecision::cpp_double_double,yes,97.6898,105.075,92.6315,Yes,95.7871,100.792,73.4394,No,1.90264,19.1921,450.774,2088.68,4.63354,boost::multiprecision::cpp_double_double,4.28308,1.90264,19.1921,4.63354,no,-,-,-,-,-,-,-,-
Special functions,lgamma,f128,lgamma,primary,primary,414,boost::multiprecision::cpp_double_double,yes,103.094,107.778,98.6794,Yes,102.115,105.964,78.1854,Yes,0.979038,20.494,455.697,2188.4,4.80232,boost::multiprecision::cpp_double_double,1.81406,0.979038,20.494,4.80232,no,-,-,-,-,-,-,-,-
Comparisons,operator==,f128,operator==,primary,primary,417,boost::multiprecision::cpp_double_double,yes,160,160,100,Yes,160,160,79.9893,Yes,0,20.0107,2.11392,6.37158,3.0141,qdpp (dd_real),0,0,0,1.00018,yes,160,160,100,Yes,0,0,2.1143,1.00018
Comparisons,operator!=,f128,operator!=,primary,primary,417,boost::multiprecision::cpp_double_double,yes,160,160,100,Yes,160,160,79.9893,Yes,0,20.0107,2.12303,6.3246,2.97904,qdpp (dd_real),0,0,0,0.998788,yes,160,160,100,Yes,0,0,2.12046,0.998788
Comparisons,operator<,f128,operator<,primary,primary,417,boost::multiprecision::cpp_double_double,yes,160,160,100,Yes,160,160,100,Yes,0,0,2.11157,6.36356,3.01367,qdpp (dd_real),0,0,0,1.00109,yes,160,160,100,Yes,0,0,2.11388,1.00109
Comparisons,operator>,f128,operator>,primary,primary,417,boost::multiprecision::cpp_double_double,yes,160,160,100,Yes,160,160,79.9893,Yes,0,20.0107,2.12693,6.67227,3.13704,qdpp (dd_real),0,0,0,1.00639,yes,160,160,100,Yes,0,0,2.14052,1.00639
Comparisons,operator<=,f128,operator<=,primary,primary,417,boost::multiprecision::cpp_double_double,yes,160,160,100,Yes,160,160,79.9893,Yes,0,20.0107,2.15286,6.62574,3.07764,qdpp (dd_real),0,0,0,0.995792,yes,160,160,100,Yes,0,0,2.1438,0.995792
Comparisons,operator>=,f128,operator>=,primary,primary,417,boost::multiprecision::cpp_double_double,yes,160,160,100,Yes,160,160,100,Yes,0,0,2.15396,6.474,3.00563,qdpp (dd_real),0,0,0,0.992876,yes,160,160,100,Yes,0,0,2.13861,0.992876
